.pred_no,.pred_yes
0.5564492224986977,0.44355077750130234
0.37281084596182656,0.6271891540381734
0.2773404207155652,0.7226595792844348
0.3381609034492269,0.6618390965507731
0.5334703427158022,0.4665296572841978
0.44625101128970157,0.5537489887102984
0.2863740185660002,0.7136259814339998
0.3469674168646486,0.6530325831353514
0.44987765266134694,0.5501223473386531
0.5096442805510635,0.49035571944893647
0.40026762762622226,0.5997323723737777
0.4699982570317137,0.5300017429682863
0.2896342143170335,0.7103657856829665
0.2874600710943366,0.7125399289056634
0.6411800085879149,0.35881999141208515
0.36842680072477685,0.6315731992752232
0.4580327785229066,0.5419672214770934
0.5636314130936355,0.43636858690636443
0.372269579819245,0.627730420180755
0.3774186590432749,0.6225813409567251
0.47606510064027874,0.5239348993597213
0.3935093403781784,0.6064906596218216
0.2808885097246948,0.7191114902753052
0.3866824447542425,0.6133175552457575
0.45297462796412635,0.5470253720358736
0.31583423741867134,0.6841657625813287
0.535872209571427,0.46412779042857305
0.45340935836273766,0.5465906416372623
0.3959264249695993,0.6040735750304007
0.35343786665881205,0.646562133341188
0.5720854010865444,0.4279145989134557
0.30422787986428945,0.6957721201357105
0.71902853108049,0.2809714689195099
0.5385685349173363,0.46143146508266375
0.4052383559342392,0.5947616440657608
0.5642585230675666,0.43574147693243337
0.357426297496481,0.642573702503519
0.4414656873768942,0.5585343126231058
0.4209607321178568,0.5790392678821432
0.5733253663589353,0.42667463364106467
0.6735884424844807,0.3264115575155193
0.35555741876992697,0.644442581230073
0.5168097874291897,0.48319021257081035
0.46421961077363516,0.5357803892263648
0.4930412063151396,0.5069587936848604
0.5947638906025836,0.40523610939741644
0.5387382103603922,0.46126178963960784
0.5121782875760565,0.4878217124239434
0.6678963559709292,0.3321036440290708
0.44532311647606415,0.5546768835239358
0.5449897321396318,0.4550102678603682
0.4797472757604764,0.5202527242395236
0.46694351289173397,0.533056487108266
0.295831206501615,0.704168793498385
0.47799328404593233,0.5220067159540677
0.41101779292385465,0.5889822070761453
0.34640875878751265,0.6535912412124874
0.2920750251974904,0.7079249748025096
0.2611874648476361,0.7388125351523639
0.41161747073745125,0.5883825292625487
0.47848503568976386,0.5215149643102361
0.5038621057071755,0.49613789429282457
0.4191971306280139,0.5808028693719861
0.3861222437954698,0.6138777562045302
0.32216617425216765,0.6778338257478324
0.4131247056976165,0.5868752943023835
0.4329210072229215,0.5670789927770785
0.32386034604193104,0.676139653958069
0.6157615587040202,0.3842384412959799
0.22530284981371873,0.7746971501862813
0.387343309143402,0.612656690856598
0.3810651855069964,0.6189348144930036
0.2900876599513287,0.7099123400486713
0.4324942028433064,0.5675057971566936
0.3330632266981719,0.6669367733018281
0.3849361198884058,0.6150638801115942
0.30265409494019957,0.6973459050598004
0.4199812142665116,0.5800187857334884
0.28461422195053565,0.7153857780494643
0.25307666844751064,0.7469233315524894
0.3621903297496062,0.6378096702503938
0.4762818278702383,0.5237181721297617
0.39546577247024806,0.6045342275297519
0.5139552089426992,0.4860447910573008
0.6809143231522968,0.31908567684770317
0.3250400213321333,0.6749599786678667
0.24694651350167784,0.7530534864983222
0.42217296677072735,0.5778270332292726
0.39313800794013265,0.60686199205986735
0.2929263945644628,0.7070736054355372
0.31523166746896514,0.6847683325310349
0.4461241754079718,0.5538758245920282
0.4219907850042406,0.5780092149957594
0.4358172203691134,0.5641827796308866
0.4990146042501663,0.5009853957498337
0.5275024821430799,0.47249751785692007
0.441863489471334,0.558136510528666
0.29875603468151424,0.7012439653184858
0.398755803633681,0.601244196366319
0.6412467938640627,0.35875320613593736
0.6321491915080628,0.36785080849193724
0.45911154499540274,0.5408884550045973
0.5268219218635588,0.47317807813644114
0.5511742606192955,0.4488257393807045
0.2241543844288435,0.7758456155711565
0.6423288377987026,0.35767116220129735
0.4435636875646778,0.5564363124353222
0.5350516627724962,0.4649483372275039
0.4121242580764586,0.5878757419235414
0.34440282612536877,0.6555971738746312
0.45392278483825355,0.5460772151617465
0.5731463077132156,0.4268536922867844
0.4668032679257451,0.5331967320742549
0.45424656822172615,0.5457534317782738
0.47910508778698335,0.5208949122130166
0.39875626843801215,0.6012437315619878
0.40257592634457007,0.5974240736554299
0.5203748827254013,0.47962511727459867
0.6244300138041156,0.37556998619588444
0.46955403646285465,0.5304459635371453
0.4773537038089517,0.5226462961910483
0.6046196613140188,0.3953803386859812
0.5905730341083222,0.4094269658916779
0.31064399902202533,0.6893560009779747
0.5173538941996578,0.48264610580034223
0.5286839736250568,0.4713160263749432
0.4313607742430381,0.5686392257569619
0.4402072130061764,0.5597927869938236
0.48302125650452543,0.5169787434954746
0.3176874027240897,0.6823125972759103
0.33918324331919125,0.6608167566808087
0.2734159754505784,0.7265840245494216
0.4449268222874566,0.5550731777125434
0.4236952424676703,0.5763047575323297
0.3438343529204514,0.6561656470795486
0.3677729638422843,0.6322270361577157
0.2849261301290408,0.7150738698709592
0.3692413985461569,0.6307586014538431
0.39825202380488856,0.6017479761951114
0.4089118625409166,0.5910881374590834
0.46228552304735104,0.537714476952649
0.43230062241220535,0.5676993775877947
0.4527426313910966,0.5472573686089034
0.3693455223510208,0.6306544776489792
0.3701372915583989,0.6298627084416011
0.4803526000991206,0.5196473999008794
0.41987744290425555,0.5801225570957445
0.40243111312035107,0.5975688868796489
0.35739946271305933,0.6426005372869407
0.5295283056499904,0.4704716943500096
0.21220874117806965,0.7877912588219304
0.30274784772147123,0.6972521522785288
0.3769811833365375,0.6230188166634625
0.6418882579338183,0.3581117420661816
0.5822944636097438,0.41770553639025626
0.5037873292726511,0.49621267072734887
0.400774356283115,0.599225643716885
0.4832970539999397,0.5167029460000603
0.39329069610277856,0.6067093038972214
0.3323391268550152,0.6676608731449848
0.3584662237303117,0.6415337762696883
0.367989087594466,0.632010912405534
0.5432499960751394,0.45675000392486065
0.3988458491604905,0.6011541508395095
0.5775135311353501,0.4224864688646499
0.5963956027225239,0.40360439727747605
0.405680541010328,0.594319458989672
0.3610050106135977,0.6389949893864023
0.3708097501331291,0.6291902498668709
0.5340625360928133,0.46593746390718677
0.40813951193490894,0.5918604880650911
0.2677717895997477,0.7322282104002523
0.45188487849953474,0.5481151215004653
0.4161984344831148,0.5838015655168852
0.7085816949944975,0.2914183050055025
0.5844200306279359,0.4155799693720641
0.4387180053067261,0.5612819946932739
0.31221754978268634,0.6877824502173137
0.6515144092320642,0.34848559076793584
0.34985186649896816,0.6501481335010318
0.5103900424150641,0.48960995758493586
0.2700442781472634,0.7299557218527366
0.35185293025975906,0.6481470697402409
0.4486087271604752,0.5513912728395248
0.6480688618533506,0.35193113814664945
0.5705216815576578,0.4294783184423422
0.34867763433582333,0.6513223656641767
0.527509853044163,0.472490146955837
0.48611197936790695,0.513888020632093
0.4014430469462178,0.5985569530537822
0.7361747645581966,0.2638252354418034
0.3921994872441251,0.6078005127558749
0.6278035724613541,0.3721964275386459
0.44856291702342765,0.5514370829765723
0.6006307892665896,0.39936921073341036
0.6609782385029233,0.3390217614970767
0.3689716148253219,0.6310283851746781
0.546072680000597,0.45392731999940295
0.35964598463160413,0.6403540153683959
0.4584483663009301,0.5415516336990699
0.5074454882143871,0.492554511785613
0.3666819999247971,0.6333180000752029
0.3961495677436464,0.6038504322563536
0.4012189716833553,0.5987810283166447
0.4557923104119125,0.5442076895880875
0.2883847115894118,0.7116152884105882
0.44835684314011026,0.5516431568598897
0.33993284634191046,0.6600671536580895
0.32103563039479643,0.6789643696052036
0.6269068378965859,0.3730931621034141
0.424591628854629,0.575408371145371
0.3193990865354285,0.6806009134645715
0.3807662830787436,0.6192337169212564
0.4806261055400526,0.5193738944599474
0.5995870185143053,0.4004129814856947
0.4615722265385719,0.5384277734614281
0.526075702776768,0.4739242972232321
0.4664886524750702,0.5335113475249298
0.3017279733868219,0.6982720266131781
0.5274188154126875,0.47258118458731246
0.4931937221273832,0.5068062778726168
0.3706988550054352,0.6293011449945648
0.25678696999811257,0.7432130300018874
0.4283965700292346,0.5716034299707654
0.5093450506233165,0.4906549493766835
0.3517355271148036,0.6482644728851964
0.3575890179855562,0.6424109820144438
0.4470671731304612,0.5529328268695388
0.6089817662210106,0.3910182337789893
0.3821109259050458,0.6178890740949542
0.3266658521720217,0.6733341478279783
0.3099484008017511,0.6900515991982489
0.3271629857341162,0.6728370142658838
0.420440647075067,0.579559352924933
0.6744861313754443,0.32551386862455567
0.5721453007022185,0.4278546992977815
0.48100403209450604,0.518995967905494
0.31184999299123906,0.68815000700876094
0.5839292736269757,0.4160707263730243
0.30888895795654325,0.6911110420434567
0.4613937244372833,0.5386062755627167
0.4583272173228494,0.5416727826771506
0.33770913953952797,0.662290860460472
0.3699843920208783,0.6300156079791217
0.369235535810698,0.630764464189302
0.44459639949495255,0.5554036005050474
0.28419761739881155,0.7158023826011884
0.5962111207831022,0.4037888792168978
0.47369019929834644,0.5263098007016536
0.23378747398327093,0.7662125260167291
0.6109404211042254,0.3890595788957746
0.2788798525643974,0.7211201474356026
0.5937330246661572,0.40626697533384276
0.36637859981107546,0.6336214001889245
0.43445788250979356,0.5655421174902064
0.34341623762383744,0.6565837623761626
0.39669575509294297,0.603304244907057
0.3246018813692736,0.6753981186307264
0.490974007625016,0.509025992374984
0.5141923073756224,0.4858076926243776
0.6540236492532405,0.34597635074675953
0.3962800530996947,0.6037199469003053
0.6594352070421692,0.3405647929578308
0.2778596086111508,0.7221403913888492
0.7118857024838775,0.2881142975161225
0.47430124961097386,0.5256987503890261
0.3930199938592399,0.6069800061407601
0.427621359916173,0.572378640083827
0.49597260526873643,0.5040273947312636
0.35427286763160015,0.6457271323683998
0.42885007189470137,0.5711499281052986
0.6671932634066462,0.3328067365933538
0.29712355347705943,0.7028764465229406
0.42288031915575186,0.5771196808442481
0.5139220874646564,0.48607791253534366
0.48610840457623095,0.513891595423769
0.25734763407877326,0.7426523659212267
0.6257837064751457,0.37421629352485425
0.6939449407984032,0.3060550592015968
0.303322950276245,0.696677049723755
0.5477867419636758,0.4522132580363242
0.47688966307517255,0.5231103369248274
0.43001148204836037,0.5699885179516396
0.6074049716496595,0.3925950283503405
0.49746503737819925,0.5025349626218008
0.44514377367480595,0.554856226325194
0.4145736636144379,0.5854263363855621
0.5314739747050377,0.4685260252949623
0.6801333671987078,0.3198666328012922
0.50014928849286,0.49985071150714
0.27128239351644945,0.7287176064835506
0.43644391368552615,0.5635560863144738
0.42954368930634157,0.5704563106936584
0.39128988533145814,0.6087101146685419
0.43696319269842165,0.5630368073015783
0.5408617375520635,0.45913826244793654
0.38058799607407545,0.6194120039259245
0.2792123680130867,0.7207876319869133
0.3498186187475659,0.6501813812524341
0.5265337665740544,0.4734662334259457
0.38448786979249416,0.6155121302075058
0.573160448783677,0.42683955121632294
0.5704212676663234,0.42957873233367655
0.588810762665564,0.411189237334436
0.3552346948013443,0.6447653051986557
0.4419755587579851,0.5580244412420149
0.5069172565685331,0.4930827434314669
0.31604807311512895,0.683951926884871
0.5834029857860885,0.4165970142139115
0.3846700441746672,0.6153299558253328
0.3547542349960391,0.6452457650039609
0.28438686716498196,0.715613132835018
0.3262125046167359,0.6737874953832641
0.7357324272833513,0.2642675727166487
0.40126440245008643,0.5987355975499136
0.4595898099734196,0.5404101900265804
0.31000565028347793,0.6899943497165221
0.5180895129137415,0.4819104870862585
0.3959192728106332,0.6040807271893668
0.29285259346101866,0.7071474065389813
0.25487816529617235,0.7451218347038276
0.47872854977014456,0.5212714502298554
0.45659865811790323,0.5434013418820968
0.43195423184363024,0.5680457681563698
0.2874755962656199,0.7125244037343801
0.21782145494442706,0.7821785450555729
0.5386990717514131,0.46130092824858687
0.5719457030816841,0.4280542969183158
0.3109090765006236,0.6890909234993764
0.3509800922001516,0.6490199077998484
0.4934307598381842,0.5065692401618158
0.36833808969242443,0.6316619103075756
0.5872961242614103,0.41270387573858974
0.4038560702174846,0.5961439297825154
0.45280901671686724,0.5471909832831328
0.5700710137620166,0.4299289862379834
0.5108794972028193,0.48912050279718067
0.46026776066216235,0.5397322393378376
0.40730926648260324,0.5926907335173968
0.3946649891243903,0.6053350108756097
0.5300912575618825,0.46990874243811753
0.4272849631215805,0.5727150368784195
0.5157880627926636,0.4842119372073363
0.6179753742527583,0.3820246257472418
0.5898464616932919,0.41015353830670803
0.35026288297903596,0.649737117020964
0.20949391676105245,0.7905060832389476
0.5684223770698551,0.43157762293014484
0.5840325467968959,0.4159674532031041
0.2831320176365302,0.7168679823634698
0.5708290308848688,0.4291709691151312
0.3107783421261048,0.6892216578738952
0.2721497524852524,0.7278502475147476
0.36873444027993796,0.631265559720062
0.29382164068012406,0.7061783593198759
0.5132279846720958,0.48677201532790415
0.4214390562127549,0.5785609437872451
0.40136301822617504,0.598636981773825
0.47879633093148266,0.5212036690685173
0.3616289349069386,0.6383710650930614
0.5668682890179524,0.43313171098204756
0.5139600346142174,0.48603996538578265
0.6603026045918663,0.33969739540813376
0.6704753723543571,0.329524627645643
0.5641480195388998,0.4358519804611002
0.6164033398246558,0.3835966601753443
0.4538934038839294,0.5461065961160706
0.39149050175887157,0.6085094982411284
0.4476818338807752,0.5523181661192248
0.5825556097594498,0.4174443902405503
0.49420782426148435,0.5057921757385156
0.40203976082683424,0.5979602391731658
0.4128622887292861,0.5871377112707139
0.29028849981154503,0.709711500188455
0.675851210412287,0.324148789587713
0.2724526680656776,0.7275473319343224
0.5056403949002894,0.4943596050997105
0.45188129969017643,0.5481187003098236
0.3044960551145318,0.6955039448854682
0.4318700858761202,0.5681299141238798
0.6054265539029413,0.39457344609705863
0.3695929173424053,0.6304070826575947
0.4744002992463754,0.5255997007536246
0.4015738969448638,0.5984261030551362
0.4160184529236246,0.5839815470763754
0.5332347796972003,0.4667652203027997
0.3396486328682119,0.6603513671317881
0.48509320173895343,0.5149067982610466
0.31782050908469617,0.6821794909153038
0.45203575087387826,0.5479642491261217
0.4187608425867698,0.5812391574132302
0.3626634783307263,0.6373365216692737
0.4818719045547102,0.5181280954452898
0.4201265288005829,0.5798734711994171
0.3572408277643472,0.6427591722356528
0.48312668500879563,0.5168733149912044
0.49850425641175555,0.5014957435882444
0.4090465718080768,0.5909534281919232
0.30776311225827024,0.6922368877417298
0.32830881041490034,0.6716911895850997
0.5153904879968216,0.4846095120031783
0.3935678483097277,0.6064321516902723
0.35089915059101306,0.6491008494089869
0.43682543258437967,0.5631745674156203
0.5474615385193157,0.45253846148068433
0.4265831140828865,0.5734168859171135
0.43183227835491333,0.5681677216450867
0.5452306617038774,0.4547693382961227
0.4377773289667496,0.5622226710332504
0.3310425335205889,0.6689574664794111
0.5299715444634494,0.47002845553655054
0.18893846013649673,0.8110615398635033
0.4485120812545691,0.5514879187454309
0.4279869258100285,0.5720130741899715
0.34244976046908193,0.6575502395309181
0.6341499190879103,0.36585008091208976
0.4698027001349786,0.5301972998650214
0.4410555278756173,0.5589444721243827
0.43917212470543854,0.5608278752945615
0.2850672467271712,0.7149327532728288
0.4787110656850223,0.5212889343149777
0.7721191451453926,0.22788085485460746
0.4731421316223833,0.5268578683776167
0.5801236293151815,0.4198763706848186
0.5038206204573615,0.49617937954263847
0.2631830371128242,0.7368169628871758
0.30682611231683987,0.6931738876831601
0.379788275337678,0.620211724662322
0.5092929942633624,0.4907070057366376
0.5372569097537183,0.46274309024628163
0.3388209801292036,0.6611790198707964
0.6171118207499589,0.3828881792500412
0.33569844343051103,0.664301556569489
0.3640295686768764,0.6359704313231236
0.7776704798057963,0.22232952019420374
0.6094782743907479,0.3905217256092521
0.6273969749408898,0.37260302505911025
0.4784668864038266,0.5215331135961734
0.5161419300261173,0.4838580699738827
0.3534410798257568,0.6465589201742432
0.401926036910369,0.598073963089631
0.3587618672721259,0.6412381327278741
0.29940759035340647,0.7005924096465935
0.6078134588870225,0.39218654111297746
0.4269376019999671,0.5730623980000329
0.28633465432784566,0.7136653456721543
0.6253546382254049,0.37464536177459506
0.42005210021293193,0.5799478997870681
0.41443209001082715,0.5855679099891729
0.46488306215241193,0.5351169378475881
0.5757754743640267,0.42422452563597335
0.2565423588056289,0.7434576411943711
0.5356956951905969,0.4643043048094031
0.27047699043275075,0.7295230095672492
0.2681892303090794,0.7318107696909206
0.6203069451779013,0.37969305482209864
0.4888828072739667,0.5111171927260333
0.4817760304662687,0.5182239695337313
0.3604439824613124,0.6395560175386876
0.37187070140598677,0.6281292985940132
0.6287822688551183,0.3712177311448817
0.3134032990683261,0.6865967009316739
0.30521257349977626,0.6947874265002237
0.3507392853148691,0.6492607146851309
0.4947013739512369,0.5052986260487631
0.698106756137828,0.30189324386217203
0.36036871537460835,0.6396312846253916
0.5885467394130088,0.4114532605869911
0.6433130228557828,0.35668697714421715
0.4841176995957802,0.5158823004042198
0.4655626908795901,0.5344373091204099
0.37202919851019345,0.6279708014898066
0.40976009088958987,0.5902399091104101
0.5100133797086244,0.4899866202913756
0.40642551774137825,0.5935744822586217
0.3347913362432986,0.6652086637567014
0.7972700401057257,0.2027299598942743
0.4380625423488076,0.5619374576511924
0.40428207119900506,0.595717928800995
0.3980923910176669,0.6019076089823331
0.3894926333844433,0.6105073666155567
0.47815833008124675,0.5218416699187532
0.3140380400875443,0.6859619599124557
0.32911476847962673,0.6708852315203733
0.2586280467737164,0.7413719532262836
0.461564728195893,0.538435271804107
0.5709472886562328,0.42905271134376716
0.31599936784074034,0.6840006321592597
0.4948137339461164,0.5051862660538836
0.371742612850709,0.628257387149291
0.4289624670976805,0.5710375329023195
0.43752394098566527,0.5624760590143347
0.2705386345315266,0.7294613654684734
0.6350690420353318,0.3649309579646683
0.21013259318150068,0.7898674068184993
0.6206449874341748,0.3793550125658251
0.511625731005445,0.48837426899455505
0.3372721518469216,0.6627278481530784
0.554989408186175,0.4450105918138249
0.48291858103152263,0.5170814189684774
0.41071603744632923,0.5892839625536708
0.6838782661617162,0.3161217338382838
0.560354943071687,0.439645056928313
0.4963300949240973,0.5036699050759027
0.3965230140005992,0.6034769859994008
0.4012478625000264,0.5987521374999736
0.6877168164304598,0.3122831835695402
0.5936530398418072,0.4063469601581929
0.27355783369820974,0.7264421663017903
0.3391032212064844,0.6608967787935156
0.47743118843893007,0.5225688115610699
0.48343952983813865,0.5165604701618614
0.4542328880976093,0.5457671119023907
0.5249768237222214,0.4750231762777786
0.4217580419438818,0.5782419580561182
0.43912734868571557,0.5608726513142844
0.48375383012732665,0.5162461698726734
0.6573892416325962,0.3426107583674039
0.49480920728161126,0.5051907927183887
0.4121214029256145,0.5878785970743855
0.3094080438681712,0.6905919561318288
0.4197960079853168,0.5802039920146832
0.3563321444491784,0.6436678555508216
0.7125804050645641,0.28741959493543595
0.47331301916692803,0.526686980833072
0.5141862228285203,0.48581377717147967
0.5928709249603763,0.40712907503962376
0.4230745402062389,0.5769254597937611
0.35022422808435116,0.6497757719156488
0.5094743419423016,0.4905256580576985
0.3768825467501473,0.6231174532498527
0.5172134577128944,0.48278654228710555
0.41462581343445637,0.5853741865655436
0.38249785385125423,0.6175021461487458
0.4473390445495923,0.5526609554504077
0.41992130389537663,0.5800786961046234
0.5874282673583797,0.4125717326416203
0.7086615809015645,0.2913384190984355
0.2785056081583974,0.7214943918416026
0.5820011359492159,0.4179988640507841
0.47333237613007706,0.5266676238699229
0.2883583779591238,0.7116416220408762
0.3879819592744992,0.6120180407255008
0.3459041575211763,0.6540958424788237
0.2875450171917089,0.7124549828082911
0.3674531506454386,0.6325468493545614
0.599718484234822,0.40028151576517806
0.30037082439993934,0.6996291756000607
0.5602762470844789,0.4397237529155211
0.45286141487953935,0.5471385851204607
0.5074072703844101,0.4925927296155898
0.4002579847416491,0.5997420152583509
0.5336970093507976,0.4663029906492025
0.47664240077193176,0.5233575992280682
0.31181226375040816,0.6881877362495918
0.348805919505333,0.651194080494667
0.382213559376985,0.617786440623015
0.3821900994913817,0.6178099005086183
0.4716552416509979,0.5283447583490021
0.32405976678893644,0.6759402332110636
0.6218378869206702,0.37816211307932973
0.5113368738214273,0.48866312617857266
0.37555344069444996,0.62444655930555
0.48270672758960564,0.5172932724103944
0.780219425918446,0.21978057408155405
0.3812645560010852,0.6187354439989148
0.39155380446258325,0.6084461955374167
0.5003725105356713,0.49962748946432867
0.29013773355903694,0.7098622664409631
0.39352893828918123,0.6064710617108188
0.35387034762153546,0.6461296523784645
0.5596372023694408,0.4403627976305592
0.4768286296172054,0.5231713703827946
0.2673804571172287,0.7326195428827713
0.36351396113620116,0.6364860388637988
0.4132576632012286,0.5867423367987714
0.36301455330618215,0.6369854466938178
0.5626449994933221,0.43735500050667786
0.5299575060322339,0.47004249396776604
0.4939041639451488,0.5060958360548512
0.5059453337833796,0.4940546662166204
0.33904191853922294,0.6609580814607771
0.48220662634376166,0.5177933736562383
0.5017971914717557,0.4982028085282443
0.5366702385895336,0.46332976141046645
0.5528132103310666,0.44718678966893344
0.3423214795592391,0.6576785204407609
0.4056622267063178,0.5943377732936822
0.3806867783710668,0.6193132216289332
0.5346903847105278,0.4653096152894722
0.5885628717523403,0.4114371282476597
0.5221283741895058,0.4778716258104943
0.27408681433645954,0.7259131856635405
0.7264958047619614,0.2735041952380386
0.354912454705832,0.645087545294168
0.45175231536061966,0.5482476846393803
0.4408887684558468,0.5591112315441532
0.4667823340481091,0.5332176659518909
0.4416615819733378,0.5583384180266622
0.2808621888229077,0.7191378111770923
0.3535092187786848,0.6464907812213152
0.41291855280947676,0.5870814471905232
0.5352412253523429,0.4647587746476572
0.44710003086936223,0.5528999691306378
0.5083134670531153,0.49168653294688464
0.6833491640760117,0.31665083592398835
0.5632356090448118,0.4367643909551882
0.3457940226091111,0.6542059773908889
0.4672728686828982,0.5327271313171018
0.3741630339403602,0.6258369660596398
0.3652724978433928,0.6347275021566072
0.3815852011594276,0.6184147988405724
0.40047888785165164,0.5995211121483484
0.28023760308268486,0.7197623969173151
0.3181994134982523,0.6818005865017477
0.49446547487706327,0.5055345251229367
0.4860229332959981,0.5139770667040019
0.5617383353651224,0.4382616646348776
0.606300241850694,0.39369975814930597
0.38644201603512474,0.6135579839648753
0.44441702980836517,0.5555829701916348
0.5159351139042538,0.4840648860957461
0.37434379809008433,0.6256562019099157
0.4088948631570659,0.5911051368429341
0.5657429507336066,0.4342570492663934
0.6273622588948122,0.3726377411051877
0.491424759532881,0.508575240467119
0.44747176784635845,0.5525282321536416
0.392239970776294,0.607760029223706
0.3466924329083726,0.6533075670916274
0.7866236788760552,0.21337632112394483
0.40578696667782177,0.5942130333221782
0.39816963942336625,0.6018303605766337
0.43013834496519254,0.5698616550348075
0.4895102146231677,0.5104897853768323
0.41176625134937517,0.5882337486506248
0.46268405367424126,0.5373159463257587
0.36723107580813674,0.6327689241918633
0.3647046299081981,0.6352953700918019
0.3341116274348228,0.6658883725651772
0.6142654734214982,0.3857345265785018
0.35274681823732346,0.6472531817626765
0.46246700976593347,0.5375329902340665
0.31510240313876126,0.6848975968612387
0.2049777976164885,0.7950222023835115
0.39879040321263615,0.6012095967873639
0.3608619859832034,0.6391380140167966
0.3446971576611151,0.6553028423388849
0.3280934163313586,0.6719065836686414
0.3887582663845677,0.6112417336154323
0.30627992540528726,0.6937200745947127
0.3384782107709391,0.6615217892290609
0.3717609380796999,0.6282390619203001
0.4411387273742138,0.5588612726257862
0.39688085663745587,0.6031191433625441
0.4476205971413322,0.5523794028586678
0.45387321719164053,0.5461267828083595
0.42345093221930885,0.5765490677806911
0.29509623664936535,0.7049037633506346
0.44146912741168554,0.5585308725883145
0.3396229110992819,0.6603770889007181
0.5407140953353237,0.45928590466467634
0.382739203997413,0.617260796002587
0.33132094536953327,0.6686790546304667
0.278361912913653,0.721638087086347
0.4979845587523357,0.5020154412476643
0.4108451210684052,0.5891548789315948
0.3229118994795471,0.6770881005204529
0.32442266634670025,0.6755773336532997
0.3304237813543156,0.6695762186456844
0.2517492624029175,0.7482507375970825
0.43569374836353736,0.5643062516364626
0.32429539462583357,0.6757046053741664
0.4730547863676061,0.5269452136323939
0.5199504192589034,0.4800495807410966
0.5525351784577842,0.4474648215422158
0.437692567667741,0.562307432332259
0.7177269385883656,0.2822730614116344
0.3102826954557196,0.6897173045442804
0.3899367890259682,0.6100632109740318
0.3897057156242767,0.6102942843757233
0.3057488368376494,0.6942511631623506
0.28467555876239337,0.7153244412376066
0.40964109322505715,0.5903589067749428
0.37464695654039504,0.625353043459605
0.49617758469957274,0.5038224153004273
0.833188575370187,0.166811424629813
0.3433412181420088,0.6566587818579912
0.47309463197465573,0.5269053680253443
0.4223219182121831,0.5776780817878169
0.4341293679124647,0.5658706320875353
0.3363294045250268,0.6636705954749732
0.4768611472148824,0.5231388527851176
0.4378186015841582,0.5621813984158418
0.4590873400849057,0.5409126599150943
0.33561444299422527,0.6643855570057747
0.46389592700344506,0.5361040729965549
0.32629474053272667,0.6737052594672733
0.4734356356762498,0.5265643643237502
0.3543058809198445,0.6456941190801555
0.39124103866604687,0.6087589613339531
0.348198198325809,0.651801801674191
0.5930475642641131,0.4069524357358869
0.5497207882374877,0.45027921176251234
0.33289704626336625,0.6671029537366338
0.44402410776252343,0.5559758922374766
0.4500290362501784,0.5499709637498216
0.3652374928227412,0.6347625071772588
0.3074104909082359,0.6925895090917641
0.3194735384181473,0.6805264615818527
0.4937585141716011,0.5062414858283989
0.42806656563305945,0.5719334343669406
0.5800642362042662,0.41993576379573383
0.673118027226426,0.326881972773574
0.38656708084468006,0.61343291915531994
0.656903777200878,0.343096222799122
0.45243459824420706,0.5475654017557929
0.4080947362424724,0.5919052637575276
0.3981849834738834,0.6018150165261166
0.6026826766844906,0.39731732331550934
0.5407346032879552,0.45926539671204475
0.2999873286038961,0.7000126713961039
0.3801500948640648,0.6198499051359352
0.30032103627010265,0.6996789637298974
0.3928327065081785,0.6071672934918215
0.49199295757093764,0.5080070424290624
0.23526557315181607,0.7647344268481839
0.41993391015779846,0.5800660898422015
0.499253865475494,0.500746134524506
0.4114396819212439,0.5885603180787561
0.3384622872066313,0.6615377127933687
0.7674225907012131,0.23257740929878695
0.3896162061230526,0.6103837938769474
0.5331538939846927,0.46684610601530735
0.5767148035827894,0.4232851964172106
0.3433358187845247,0.6566641812154753
0.5740751662567467,0.42592483374325324
0.16688183990230188,0.8331181600976981
0.33028086304150595,0.669719136958494
0.3707231795728291,0.6292768204271709
0.3914625979333568,0.6085374020666432
0.3695414952573127,0.6304585047426873
0.43477492905544424,0.5652250709445558
0.5905934634062393,0.40940653659376064
0.3729713437835729,0.6270286562164271
0.24931068618537233,0.7506893138146277
0.3400089619685339,0.6599910380314661
0.5134284115355914,0.4865715884644086
0.38307274245888445,0.6169272575411155
0.7287645141572072,0.2712354858427928
0.5414946362998003,0.4585053637001996
0.3535829947747895,0.6464170052252105
0.6499359423854035,0.35006405761459647
0.4794035661303915,0.5205964338696085
0.5213610875410872,0.4786389124589128
0.2897095464689593,0.7102904535310407
0.45107935963337664,0.5489206403666234
0.6695445042779007,0.3304554957220993
0.3010841471250101,0.6989158528749899
0.34445897893411803,0.655541021065882
0.48972271018415414,0.5102772898158459
0.4111239522454594,0.5888760477545406
0.32694182601389,0.67305817398611
0.19706276355599195,0.802937236444008
0.26893493699968585,0.7310650630003142
0.6776404509792515,0.3223595490207485
0.5450546467792261,0.45494535322077395
0.3398360877527119,0.6601639122472881
0.7472342615158363,0.2527657384841637
0.4376930108797351,0.5623069891202649
0.33672681596369414,0.6632731840363059
0.5345870289786094,0.4654129710213906
0.7255754806416739,0.2744245193583262
0.5980491181510506,0.40195088184894945
0.35424510587106584,0.6457548941289342
0.4079996443295718,0.5920003556704282
0.5891667861987054,0.41083321380129456
0.4390460736075049,0.5609539263924951
0.40224133843523235,0.5977586615647676
0.4583602737615211,0.5416397262384789
0.4240235171301704,0.5759764828698296
0.39777140890203,0.60222859109797
0.31906960162861964,0.6809303983713804
0.47373750332747766,0.5262624966725223
0.47779217219653203,0.522207827803468
0.4262400657158625,0.5737599342841375
0.4582230924153692,0.5417769075846308
0.41598166257690294,0.5840183374230971
0.504444960817215,0.49555503918278493
0.3656702831441484,0.6343297168558516
0.6295891098407036,0.3704108901592964
0.5006267148415132,0.4993732851584868
0.45882838362953515,0.5411716163704648
0.40986121712795187,0.5901387828720481
0.48463153127032155,0.5153684687296785
0.36141196048095725,0.6385880395190427
0.7639860190805208,0.23601398091947917
0.34750713517402876,0.6524928648259712
0.41958112093520916,0.5804188790647908
0.4398366356430682,0.5601633643569318
0.5448036260095896,0.4551963739904103
0.3972097973125007,0.6027902026874993
0.2255819419059778,0.7744180580940222
0.321926949168881,0.678073050831119
0.3219156337004815,0.6780843662995185
0.3966029614560056,0.6033970385439944
0.42097580356582454,0.5790241964341755
0.5986027116739643,0.40139728832603566
0.3629938991448607,0.6370061008551393
0.42767699175315343,0.5723230082468466
0.24248650811534433,0.7575134918846557
0.6563339183363442,0.34366608166365575
0.40802877210932564,0.5919712278906744
0.6171451125139154,0.38285488748608465
0.4912568615622448,0.5087431384377552
0.6722034502361387,0.32779654976386124
0.4910544424338835,0.5089455575661165
0.5472607011606558,0.4527392988393442
0.4336875777246705,0.5663124222753295
0.5209013714873769,0.479098628512623
0.26031229817763246,0.7396877018223675
0.31106452689376496,0.688935473106235
0.14394268244184838,0.8560573175581516
0.44319668167683723,0.5568033183231628
0.4515514229305452,0.5484485770694548
0.43276191765622896,0.567238082343771
0.4451817470658671,0.5548182529341329
0.5078204385989213,0.4921795614010787
0.3710611098900124,0.6289388901099876
0.49062334048052214,0.5093766595194779
0.2414053282167744,0.7585946717832256
0.4549825574144115,0.5450174425855885
0.40671309525054455,0.5932869047494554
0.3732927207430994,0.6267072792569006
0.24606205855202312,0.7539379414479769
0.4031517964929284,0.5968482035070716
0.5729634176961882,0.42703658230381175
0.6651024013599538,0.33489759864004615
0.44860692908715716,0.5513930709128428
0.4628335271801487,0.5371664728198513
0.4239707987134792,0.5760292012865208
0.3514680984082603,0.6485319015917397
0.33453353811483877,0.6654664618851612
0.45615719864511206,0.5438428013548879
0.4472509314865173,0.5527490685134827
0.3279298563452112,0.6720701436547888
0.2845703141550683,0.7154296858449317
0.6326061816384143,0.3673938183615857
0.5128423994236617,0.4871576005763383
0.6211434797943347,0.37885652020566524
0.3176926934068751,0.6823073065931249
0.4444507975869224,0.5555492024130776
0.44699969786586424,0.5530003021341358
0.36496929298986647,0.6350307070101335
0.7401305835412024,0.25986941645879763
0.34074894209461426,0.6592510579053857
0.33430201761617195,0.665697982383828
0.3498515651815508,0.6501484348184492
0.6140520301968299,0.38594796980317014
0.2718248661658921,0.7281751338341079
0.5487295408933914,0.45127045910660857
0.7300390723679662,0.2699609276320338
0.4397523992390533,0.5602476007609467
0.5275346826102341,0.4724653173897659
0.4640360570837503,0.5359639429162497
0.5517765669821499,0.44822343301785
0.24349060893282526,0.7565093910671747
0.39254861848495504,0.607451381515045
0.30766171370259665,0.6923382862974033
0.49408795738474576,0.5059120426152542
0.4397078421865993,0.5602921578134007
0.472350575696984,0.527649424303016
0.595552287939349,0.404447712060651
0.5278909826379654,0.4721090173620346
0.540182572154734,0.45981742784526597
0.5868288852780132,0.41317111472198675
0.7036165446564718,0.29638345534352817
0.4333489388755699,0.5666510611244301
0.36653488286039615,0.6334651171396039
0.3342857917509272,0.6657142082490728
0.3026575540750981,0.6973424459249019
0.42853425505923737,0.5714657449407626
0.5442866599991663,0.45571334000083374
0.4370720391853866,0.5629279608146134
0.5995979722389466,0.4004020277610534
0.45313994520052403,0.546860054799476
0.3425121092929899,0.6574878907070101
0.32021046551787824,0.6797895344821218
0.46605005003332034,0.5339499499666797
0.576339415808682,0.423660584191318
0.32112097950937457,0.6788790204906254
0.23356611356881085,0.7664338864311891
0.37261313525326045,0.6273868647467395
0.470355415367236,0.529644584632764
0.46454713849252227,0.5354528615074777
0.4662452329424289,0.5337547670575711
0.4287994490264826,0.5712005509735174
0.39725238516921835,0.6027476148307817
0.34934272020704127,0.6506572797929587
0.29617543551941383,0.7038245644805862
0.3686398220726115,0.6313601779273885
0.47829706214285994,0.5217029378571401
0.5816236122488914,0.4183763877511086
0.3607329971716122,0.6392670028283878
0.47591533932587615,0.5240846606741238
0.3506147110755544,0.6493852889244456
0.48551286255963144,0.5144871374403686
0.36869410455112717,0.6313058954488728
0.5614495960598395,0.43855040394016054
0.4094608619246336,0.5905391380753664
0.4028162079788329,0.5971837920211671
0.35285160830772944,0.6471483916922706
0.40644108438058013,0.5935589156194199
0.6450422040343344,0.3549577959656655
0.2827857577002587,0.7172142422997413
0.44284978319195256,0.5571502168080474
0.4833812184199022,0.5166187815800978
0.410411403153505,0.589588596846495
0.5703440308571984,0.4296559691428016
0.2877192180150667,0.7122807819849333
0.5029863150252527,0.4970136849747473
0.509403712666055,0.490596287333945
0.43482300403342,0.56517699596658
0.32307329035693766,0.6769267096430623
0.3989862449919608,0.6010137550080392
0.42128625268505204,0.578713747314948
0.3281023250623457,0.6718976749376543
0.5423746987150272,0.4576253012849728
0.42264609192404845,0.5773539080759515
0.5373281056921722,0.46267189430782785
0.48787001066391933,0.5121299893360807
0.39083845162720654,0.6091615483727935
0.4709885948259136,0.5290114051740864
0.26529316634537836,0.7347068336546216
0.6117731774059125,0.3882268225940875
0.33334699957075564,0.6666530004292444
0.3239882188595906,0.6760117811404094
0.435970272806833,0.564029727193167
0.5505809655137104,0.44941903448628956
0.403217671379863,0.596782328620137
0.5520909114586298,0.44790908854137024
0.45220484787430415,0.54779515212569585
0.6898341535144038,0.3101658464855962
0.6079352061955353,0.3920647938044647
0.4673248548453315,0.5326751451546685
0.3070074252678674,0.6929925747321326
0.3301112708466992,0.6698887291533008
0.5366577593520415,0.4633422406479585
0.37482052153352186,0.6251794784664781
0.421657412929188,0.578342587070812
0.5362084492295542,0.4637915507704458
0.332953240783297,0.667046759216703
0.45825971199661075,0.5417402880033892
0.6637385163803233,0.3362614836196767
0.303353873626542,0.696646126373458
0.4460825141597011,0.5539174858402989
0.4152462892786346,0.5847537107213654
0.6691583449872953,0.3308416550127046
0.344607511597821,0.655392488402179
0.3118587127530902,0.6881412872469098
0.575231738096472,0.424768261903528
0.6666048030409766,0.3333951969590234
0.47732119305584275,0.5226788069441572
0.48138136800672193,0.5186186319932781
0.36260993157841914,0.6373900684215809
0.5859179886759799,0.4140820113240201
0.291721483423355,0.708278516576645
0.5081071786740784,0.4918928213259216
0.4412396434030067,0.5587603565969933
0.267501089588308,0.732498910411692
0.37349559791102305,0.626504402088977
0.4188257236140037,0.5811742763859963
0.37406945334140895,0.625930546658591
0.20555587566231948,0.7944441243376805
0.39608860361681786,0.6039113963831821
0.4301104819773697,0.5698895180226303
0.3322631165447736,0.6677368834552264
0.43538805908989475,0.5646119409101052
0.3435605563381938,0.6564394436618062
0.3978466080449268,0.6021533919550732
0.47017511068819007,0.5298248893118099
0.5380555333501317,0.4619444666498683
0.31672745607415953,0.6832725439258405
0.44880461996183385,0.5511953800381661
0.3623807260437446,0.6376192739562554
0.37817985451491953,0.6218201454850805
0.7902962254876467,0.2097037745123534
0.7533489153313664,0.24665108466863359
0.4426539985938204,0.5573460014061796
0.41903440915075785,0.5809655908492422
0.6611270409448085,0.33887295905519155
0.5491932610575176,0.4508067389424824
0.3688792921222174,0.6311207078777826
0.5189558681610408,0.4810441318389592
0.37499512042081606,0.6250048795791839
0.3654488085366191,0.6345511914633809
0.42458001410704205,0.575419985892958
0.4278614412442281,0.5721385587557719
0.40810703307340845,0.5918929669265915
0.4114152651398729,0.5885847348601271
