gpa,sat,ethnicity,ap_scores,essay_strength,family_income,accepted
3.404218974826908,1390,Asian,3;1,3,80115.29986918955,FALSE
3.165809083145407,1470,NA,2;5,3,98889.59629026525,FALSE
4,1400,Asian,5;3;3,1,120265.58027029735,TRUE
3.6117147594196997,NA,Asian,3;4,3,109787.59445733862,FALSE
4,1320,Hispanic,5;5;4;5,3,96783.85339176832,FALSE
3.1729528176371113,1410,White,3,3,113586.77856283051,FALSE
3.9207667129016226,1480,NativeAmerican,5;5;4;5,1,88475.06646444263,FALSE
3.092698868224672,1300,White,4;2;2;1;4;2,1,79190.00322291603,TRUE
4,1430,White,5;3;4;2,3,103286.77071776525,FALSE
3.2555573507405073,1440,White,5;5;4;5;2;4,1,122057.29449947368,TRUE
3.0756722259099707,1410,Asian,4;3;5;4,2,68663.55030400699,FALSE
4,1350,NA,4;1,3,143982.44082010767,TRUE
3.868465133552378,1390,Asian,4;5;4,1,145852.7020895948,TRUE
3.7418688007711065,1340,White,5;4;4;4;1;1;4,2,114976.76194724784,FALSE
4,1280,White,4;5;4;1;5;2,2,183527.85234786075,FALSE
3.5894336413259595,1430,White,5;3;3;2,2,170397.91127919435,TRUE
3.5028779859876327,1390,White,2;3;4;2;5;3;3;3;3,2,120920.19976999868,FALSE
4,1460,Hispanic,4;5;5;5,2,68780.5998678022,FALSE
3.9229599636354258,1390,Asian,3;3,2,91123.22317455026,FALSE
4,1430,Black,5;3;3;4;5;5;3;4;5;3;5,5,136111.28277429857,TRUE
4,1410,Asian-White,4;5,2,61407.05372897271,TRUE
3.8993591791796,1380,NativeAmerican,4;3;4,1,117780.93741846304,FALSE
3.2885253129913417,1370,Asian,4,1,70088.06076091209,FALSE
3.8004896919128806,1480,White,3;4;5;4;4,4,147300.6224274979,TRUE
4,1440,White,3;5;5;4;5,3,101876.72762053169,TRUE
3.9258101912875865,1310,Asian,1;5,4,107468.27110712657,FALSE
3.3382527641065862,1370,Asian,5;4;3,5,126097.2955013983,TRUE
3.6127964435730684,1440,White,5;5;4,4,74947.83582517822,TRUE
4,1450,Asian,4,2,166157.49348998987,FALSE
4,1520,White,5;5,2,88891.8730895758,TRUE
4,1420,Black,5;4;5;5;4;4;4;5,2,87232.88759283637,TRUE
4,1490,White,2;5;4;5;5;4;4;4,2,89912.36049911038,TRUE
3.0278821044276345,1330,Black-Hispanic-White,5;3;5,3,65955.47903263784,TRUE
3.404967172672208,1410,Hispanic-White,5;4,2,52123.49538334237,TRUE
3.2630956198852585,1340,Black,3;3,2,81228.03928466258,FALSE
3.768964774208124,1410,Asian,5;5;4;5,4,119614.94205593677,TRUE
3.849833236626658,1510,Asian,4,2,161237.85753890293,FALSE
4,1520,White,5;5,2,109349.27527781278,TRUE
4,NA,Black,5;5;4;5;5;5;5;4,3,99162.9250870334,FALSE
4,1430,White,4;5,4,99621.39598234913,FALSE
3.7458047890925195,1410,White,5,1,84886.61421205159,FALSE
3.7627350155467516,1540,Asian,5;2;5;3;5,2,141637.32519856043,TRUE
3.8382282452892236,1310,Black,1;4,1,67792.05536647742,TRUE
4,NA,Asian,4;5;5;5;4,2,86595.61594796483,FALSE
3.000016157955113,1290,Hispanic,5;1,2,72758.9453398259,FALSE
2.723419052683034,1070,White,2;1,3,62954.82701409129,FALSE
3.7915968506078928,1500,White,4;4;5;5;2,3,81067.3285996686,FALSE
3.722545342437096,1390,Asian,5;5,2,57697.337979663964,TRUE
3.597049110188781,1530,Asian,5;5,2,76591.18673056833,TRUE
3.9691813308822868,1300,White,3;3,3,42950.20093768376,FALSE
3.350189270912631,1380,Asian,5;4;5;3;5;5;4;5;5,4,107253.70642060808,TRUE
3.483930496073872,1350,Asian,3;2;3,1,54277.99239710376,FALSE
3.979350522531576,1560,White,5;4;5;5;5;2,5,48056.718694447074,TRUE
3.7590199290035944,1530,White,3;4,2,115237.48148586384,TRUE
3.763689865918962,1550,Asian,,1,142969.33139719794,TRUE
4,1410,White,4;5;2;2,2,84753.30856226427,FALSE
3.3410927166156723,1400,Black,5;4,4,68634.99196642834,TRUE
4,1280,Black,5;1;3;5;5;5;1,4,121803.23352428027,FALSE
4,1550,Asian,4;4;4;5;2;2,2,87219.15561086239,TRUE
4,1370,Asian,4;3;5;1,3,46984.87663163249,FALSE
3.2345054818523575,1480,Black,4;5,2,85076.77705431028,TRUE
4,1390,Black,5;5,4,85841.51176499765,FALSE
4,1490,Asian,5;5;4;3,3,79595.749593007,TRUE
3.4584318200270356,1320,NA,3;5;3;5;4,1,65443.169235466565,FALSE
3.488052432916613,1390,Asian,3;5;5;5;4;5,3,50120.73943792956,TRUE
3.544248067197427,1350,NA,4;2;5;5,2,74133.27241354382,TRUE
3.8830255664165074,1390,Black,3;4;4;4;3;4;4;3,0,74785.22779184382,TRUE
3.8936610865925796,1410,White,4;4;4,2,98270.02711730264,TRUE
3.7288769267386943,1470,White,3;4,5,115613.75970922601,FALSE
4,1440,NA,3;5,3,136911.51764818895,TRUE
4,1390,Black,4;5;3;3,3,76592.85843496714,TRUE
3.4720169433539843,1300,White,4;4,3,70218.56140962309,TRUE
4,NA,Asian,3;4;3;4,2,113012.81245667751,FALSE
3.890571087259022,1530,White,5;5;5;4,5,91696.94251734702,TRUE
3.3929192399016848,1400,Black-White,5;5;5;2,1,105529.61943354158,TRUE
3.1068866383952902,1370,Asian,5;5;4,3,108103.99532901408,TRUE
4,1340,Black,3;4;4,4,75299.20515128986,TRUE
3.8300698680872878,1430,Black,4;4,1,58793.786008572824,TRUE
4,1460,Asian,5;2;2,3,147960.22220047808,FALSE
3.4088911846603565,1350,Black,4;5;4;5;4,3,136838.71302218118,TRUE
3.7840253462697286,1400,Black,5;5;4,1,82313.57669997722,FALSE
2.76803621659134,1010,Black-White,1;3;2,1,121250.85346243526,FALSE
4,1380,Black,5;5;5,3,77291.21596409455,TRUE
4,1520,Asian-White,3;4;5;2,3,166516.1355467434,TRUE
3.6043182987446434,1390,NA,4;4;1;5,2,155814.9890545807,FALSE
3.731734093167228,1290,Asian,4;2;4;2;2,2,51537.65394394309,TRUE
3.686078616705389,1440,Asian,5;5;4,1,127507.38573006299,TRUE
3.6057613578387735,1400,Black,3;3;4;3;5,4,85517.20995034515,TRUE
4,1440,White,3;4;4;3,3,119031.99419212765,TRUE
4,1420,Asian,5;2;2;5;5;5,2,96353.24091796049,FALSE
3.7648868008481435,1380,White,3;4,2,106226.94653603825,TRUE
4,1470,Black,4;4;5,2,146299.61321991822,TRUE
4,1490,White,4;4;3;5;5;4;5;5;3,2,99677.59133267196,TRUE
3.315768339702519,NA,Black,4,2,149414.32939482518,FALSE
4,1440,White,2;4;5;4;5;2,0,107432.4406877375,TRUE
4,1530,White,5;4,4,108768.55371084514,FALSE
4,1340,White,5,1,158553.7888498091,TRUE
3.7023761971193747,1390,Black,5;3;2;4,0,96611.12741454456,FALSE
4,1570,Asian,4,1,92074.03933170633,TRUE
3.1641801962250695,1330,White,5;4;3;4,5,152229.43609107597,FALSE
4,1450,Hispanic,5;3;4;3;5;4,3,112911.67608413988,FALSE
3.6540972737942408,1440,White,5,2,108515.22780446881,FALSE
3.670492298118939,1320,White,,1,116502.09457263786,FALSE
2.862396110065834,1370,Black,5,1,154108.75528995148,FALSE
3.4619413396965983,1350,Black,5;2,3,79696.83808775652,TRUE
3.182177030317477,1360,White,5;5,4,67204.39647559196,FALSE
3.870940833688478,1500,White,4;4;5;4;5;5,3,145761.3164392172,TRUE
3.8598496530422364,NA,Asian,3;4;5;5;2,2,75562.70277414234,TRUE
4,1330,Asian,3;4;3;4;5;3;3,3,94754.39895411482,FALSE
4,1430,NativeAmerican,,0,82231.77044795989,FALSE
4,1480,Asian,4;5;2;4;4;5,0,89153.34126914755,FALSE
3.372398776377286,1180,Black,4;5;4;2;4,4,121891.85339551046,FALSE
3.8639148811708264,1440,White,3;4;5;5;4,3,53899.91389105698,TRUE
3.993780065641963,1430,Hispanic,4;3;5;4;5;5;5,2,121606.80056893438,FALSE
2.9693477618566715,NA,Asian-Hispanic,4;4;4,2,135780.08027365553,TRUE
4,NA,Asian,2;5;4,3,68387.3754647686,FALSE
3.381773482953799,1340,Asian,3;1;4,3,109726.19347756926,FALSE
3.541500075553557,1390,Black,5;5;5;3;4;3,4,124776.98755524082,TRUE
4,1400,White,4;3;5;3;4;5,1,138191.93039363617,TRUE
4,1400,White,5;5;3,2,178127.4417452979,TRUE
4,1380,Black-Hispanic,5;5;5;2,1,110030.58229831712,TRUE
3.83535476128964,1290,White,3;4;2;4;3,5,59613.80814931239,TRUE
3.1443341365592947,1320,Asian,,2,91426.98780475081,TRUE
3.757717364144346,1390,Black,5;4;5;4;5;3;5;3,2,118253.71913324072,TRUE
3.7960889074795903,1530,Asian,5;5;5;5,2,149128.71462126722,FALSE
3.359506018561786,1400,White,4;4;5,4,151320.80759032103,TRUE
3.61419305668146,NA,Black,2;3;4,2,105796.49225255265,TRUE
4,1370,Black,2;4;2;5,4,135293.0230600535,FALSE
4,1450,Asian,4;4;5,5,83789.91377133882,FALSE
4,1420,White,5;4;4;2;4;3,3,120005.6714832837,TRUE
3.4325860674115076,1250,Black,5;2;2;1;2;4;3,0,43222.068300881285,FALSE
3.686447081208125,1530,White,5;3;5;2,2,75890.11680874047,TRUE
3.6834430031003915,1420,White,3;4;4;5,4,55636.32477078321,FALSE
3.746698111273266,1530,Asian,5;2;3;4,2,120000.882795615,TRUE
4,1480,White,5;5;4;5;5,1,122204.63877532056,TRUE
3.62022519223759,1430,Asian,4;5;5;5,4,85383.38272428211,TRUE
4,1430,Asian,4;5;5,3,128682.98607704144,TRUE
3.892654528255527,1270,Hispanic,3;5;3;3,3,73639.18588311676,TRUE
3.5570917927705343,1410,White,3;4;4;4,2,110886.67201591967,FALSE
3.8401640477168253,1470,White,2;3;5;2;4,3,107454.06463884872,FALSE
4,1410,NativeAmerican,2,2,141160.2939144364,FALSE
4,NA,White,4;5;5;5;2;4,0,101456.35018717746,FALSE
3.466138139859595,1330,NA,3;5;4;5,3,79798.3791836145,FALSE
3.9110887856580154,1370,Asian,4;3;4;4;3,2,93420.77698912229,FALSE
4,1380,Black,3;5;4;5,2,97182.10366525777,TRUE
4,1530,White,3;5;3,2,159796.10398684005,TRUE
3.2820067752807947,1350,NativeAmerican,5;5;5;3;3;3,4,118188.75141279874,TRUE
2.629888431071062,1240,Asian,2;5;3;4,3,100841.008802971,FALSE
3.490696823239721,1400,White,5;3;4;2;5;4;3;5,2,85754.0746613681,TRUE
3.8479650114552193,1350,White,2;5;3;3,4,103422.15772773429,FALSE
4,1450,White,3;4;2;3,3,52231.82916116943,FALSE
3.399201880478663,1390,Black-Hispanic-White,5;3;4,2,81832.30482825571,TRUE
2.849816378573623,1420,NA,3;5;2;4;5;2,3,139829.0786827263,TRUE
4,1340,Asian,5;4,3,126394.11748367506,TRUE
4,1500,Asian,4;5,2,97003.6563015948,TRUE
3.601361676647292,1460,White,3;3;3;5;5;2,2,46116.683805423294,FALSE
3.3200982362284006,1240,Hispanic-White,5,3,182946.69392063006,TRUE
4,1430,Black,4;4;5;2;5,1,72953.26145902251,TRUE
4,1440,White,5;4;5;4,4,104210.32301851397,FALSE
3.6306979586656816,1400,Asian,5,2,117992.16680645857,TRUE
3.856781871992239,1510,Asian,3;5;5;5;4,3,69033.30761365338,TRUE
3.848390585226256,1490,White,5;4;5;4;2,2,169573.9334874634,TRUE
3.8475359626468997,NA,Asian,3;5;3;5;4;5;5;4,4,80430.80119111616,TRUE
4,1350,Black,4;4;2;5;3;5;5;3;3,2,52859.227028030495,TRUE
3.739585007716503,1380,White,2;5;5;4;2;4;4;1,5,143107.18265709726,TRUE
4,1430,Asian,5;3;5,3,121514.66499068096,TRUE
4,1500,Asian,5;5,2,74755.51625201126,TRUE
3.723647659645437,1540,NA,4;5;5;2,2,66685.02676252645,FALSE
3.865191096939292,1480,White,3;4;3;3;4,1,77437.42992229068,FALSE
3.6538727357046996,1350,Black-Hispanic,2;4;3;3,2,60652.04016309942,TRUE
3.7463755702501467,1440,White,5;4,2,46387.009207656614,FALSE
4,NA,Asian-White,2;5;3,2,46692.129406115666,FALSE
4,1520,White,5;4;4,4,72731.68433471338,TRUE
3.628277404795215,NA,White,3;3;5;4,3,134052.8422407344,FALSE
3.6318844882509467,1420,NA,3;5,1,80621.57018505737,TRUE
3.0263285107269944,1330,White,3;4;3;5;4;3;4,4,99205.93867021466,TRUE
3.567360058533934,1310,White,3;5,0,150416.61611900045,FALSE
3.1659444294967782,1300,Asian,3;4;5;5;5;2;2,3,149875.13307248158,FALSE
4,1500,Black,4;4;3;3;5,3,112984.26337336192,TRUE
3.072551563513516,1230,White,4;2;4,4,70600.78576328997,TRUE
3.93603010692701,1510,Asian,5;3;2;5;3;5;5;5,3,112221.56210432964,TRUE
3.856387617257585,1350,Black-Hispanic,4;2;5;3;5,2,124581.6921517366,TRUE
4,1330,Black,,3,102228.39983868324,FALSE
3.2716796313354646,1270,Black,4;5;1,2,143378.74505431802,FALSE
3.6355696198735057,1410,Asian,5;3;3;5;4,2,66594.25223167156,FALSE
3.458111740887198,1380,NativeAmerican,5;5;3;5;5;4,2,44216.5348165574,TRUE
3.83976791177425,1560,Asian,5;5;5;4;3,0,127542.74046242992,TRUE
3.6287386484933237,1460,Asian,5;3;5;5;5;4,2,124806.42402475842,TRUE
3.512843044649387,NA,White,5,1,152093.16664578972,TRUE
3.7573632474476955,NA,Asian-Hispanic,4;3;5;4;4;3;5,2,135184.31707311957,TRUE
4,1510,White,5;4;5;3;4;5,2,103366.53711170676,TRUE
3.681567146413594,1480,Asian,2;4;5;5,3,110389.3227379609,FALSE
3.81862327895824,1510,White,5;4;5,4,94319.306140576,FALSE
3.9997006719045136,1410,Black-White,4;4;4,3,58348.56114284585,TRUE
3.0088386818429913,1330,White,4;3;5;3;3,2,141920.62898129894,FALSE
3.959409920460942,1410,White,5;5,4,125170.8069983078,TRUE
3.4205191823024226,1410,NativeAmerican,4;4;3;4;4,1,88910.89899493808,FALSE
2.7920799873783335,1350,Black,5,5,120391.46947501262,FALSE
4,1560,Asian,4;5;4;5;3;4;2,1,158620.6948727673,FALSE
4,1390,Black,3;2;4;3,1,63085.73603941797,TRUE
4,1360,NA,4;4,2,68358.99847191047,TRUE
3.99934007460129,1490,White,4;5;4;5;4;4,2,117586.81527107692,TRUE
4,1460,White,3;2;4,2,96552.9821822524,TRUE
3.50016320950767,1330,White,5;3,4,121267.80292532138,TRUE
4,1330,Black,5;2;3;5,2,111759.62540141493,TRUE
4,1240,Hispanic-White,,3,92016.84279785315,FALSE
3.6355925329185994,1450,Asian,4;5;4,4,68480.45992986132,FALSE
4,1490,Black,4;5;5;5;5;3;5;5,3,106781.6867604684,TRUE
3.3642641953737975,NA,NA,5;4;2;4;3,5,101391.93610208442,TRUE
4,1350,White,4;4;4;2,2,82425.82850709702,FALSE
3.7612343516722646,1530,White,4;4;5,3,60757.23072034208,FALSE
3.5787094484553816,1440,Asian,5,4,70448.04444518907,TRUE
4,1480,Asian,4;4;4;3;5;5,3,118811.497947181,TRUE
3.9723089073386553,1520,Asian,5;5,2,92663.04463250376,TRUE
3.712780257466975,NA,Black,3;4,4,89586.10047140346,FALSE
3.2605170986003147,1280,Black,3;5;4,2,96071.87851967363,FALSE
3.9232442368467635,1540,Asian,2;5;4,4,76511.0503029033,TRUE
3.4254624916735747,1420,Black,5;5;5,3,152399.9707073662,FALSE
3.832395306702462,1300,White,3;4,1,153966.32211096457,FALSE
3.245457148512833,1410,White,5;4;5;5,3,102440.72207092243,FALSE
3.3821255670549397,1350,White,4;5;5,3,90248.46895858475,TRUE
3.718519922887998,1400,Black,4;4;4;5;3;4,1,81846.79145565761,TRUE
3.8157976583971864,1370,Black,5;4;5;4;5;4,4,81422.4996968328,FALSE
3.6401317956353454,1450,Asian,5;5,2,99378.77973585523,TRUE
4,1370,NA,4;5;3,3,88993.57367627443,FALSE
4,1500,Asian,3;2;4,3,69603.8554720921,FALSE
2.992318240148286,1160,White,2;1;1;1;1,2,108539.71384607955,FALSE
3.4159680815458024,1360,White,2;3;2;5;5;4;3,2,80159.55532485573,TRUE
3.271483737252759,1340,White,4;5;4,2,46889.06868407613,FALSE
4,1390,Asian,5;5;1,3,101953.80482667818,FALSE
3.9267811156687107,1410,Asian,3;3;4;3;2,3,129603.24642059566,FALSE
3.829498678628286,1410,Asian-Hispanic,5;4;4;4,1,77340.54630237885,TRUE
3.7064451710264126,1430,White,5,2,99860.82925282369,TRUE
3.464956289756462,NA,Black,3;5;3,3,81557.46998650735,TRUE
4,1480,Asian,4;5;3;5;4;4,1,107767.55188110533,TRUE
3.1332556261241904,1460,White,3;3,2,131818.64307359682,FALSE
3.389239055286398,1460,White,4;3,2,116566.3410415302,TRUE
3.250547202131247,1290,Asian,1;4;4;4,3,58683.2297925755,TRUE
3.7471357132821144,1510,White,5;5;3;5;5;2;5;4,2,70374.83017375092,TRUE
3.012165423930229,1350,Black,4;3;1;3;4;4,2,69818.07921377351,FALSE
4,1450,White,4,2,154582.00313876205,TRUE
2.817611901371224,1210,Black,2;3;4,1,122119.07096624387,FALSE
3.7765691911366317,1480,Asian-Hispanic,4;3;5;4;5,2,137731.25716910497,TRUE
4,1380,Asian,5;2;2;3;3,3,112027.89561318682,FALSE
3.890536808324523,1390,Black,5;3;5;5;4;3;3;3,2,102002.3973847427,TRUE
3.241894102799445,1490,White,3;3;2;5,2,131787.67167130034,TRUE
3.310078712037807,NA,White,3;1,2,52489.93258196203,FALSE
3.696968654588082,1500,White,5;5,2,79506.04904365401,TRUE
3.582534913652369,1450,NA,4;4;3,3,64034.791545438995,FALSE
4,1440,Asian,3;3;2;3,2,85380.27081705122,FALSE
4,1560,Asian,3;5;3;5;4,3,81544.75287657937,TRUE
3.4233343170540005,1360,Asian,5;3,1,85105.86532533284,TRUE
4,1460,Black,5;5,4,83889.41509587335,FALSE
3.2783237459104013,1240,NA,3;1;3,1,99130.78366254155,FALSE
3.7661004421082556,1320,Asian,3;1;3;3;1;5;2;1;4;4;3;1;4;4,3,123816.54754474893,FALSE
3.7162642412888443,1490,White,4;5;5;5;5,3,138939.1187159557,TRUE
4,1560,NA,5;5;5;4;4,0,105027.91934656676,TRUE
3.7600158928226572,1500,White,5;5;3,2,139848.92555590972,FALSE
3.5300089924361164,NA,Black,3;3;4;5;2,1,158327.62390720862,FALSE
4,1390,Black,4;5;4,1,115274.69911849321,TRUE
3.9297883041427752,1390,Black,5;5;3;4;3;4;5,1,69729.54327151163,FALSE
4,1330,NA,3,4,101518.9355119628,TRUE
3.0136669220531873,1180,Asian,5;2;3,3,80511.82799512919,TRUE
2.880621304075789,1370,Asian,5;4;4;4,3,108609.44504838505,FALSE
3.7005559392986274,1240,Black,4;4;4,5,82622.93842526755,FALSE
4,1500,Asian,3;2;5;2,1,52545.87596645911,FALSE
4,1440,White,2;4;5;2,3,56703.07680865741,TRUE
2.717371653349431,1380,White,5;4;2;5;4;2,2,45870.28019943075,FALSE
3.1562708424984383,1400,Asian,4;4;1,3,58771.026625087536,TRUE
3.6580381179439785,1380,Hispanic,4;4;2,4,96753.92719044523,FALSE
3.1972395554658752,1340,White,5;3,1,82050.36556949583,TRUE
4,1430,Black,4,2,86124.17544558048,FALSE
3.9146728486496283,1450,Asian,4;5;5,2,119782.4252794676,TRUE
4,1460,White,,3,118496.8441505163,TRUE
4,1380,Black,5;3;2;2;5,3,140066.56926069476,TRUE
4,1480,Asian,5;5;2,1,104752.10413442491,FALSE
4,1540,Asian,5;5;5;5;4;5,3,118940.50601935356,TRUE
3.053931576989738,1280,White,4;3;4;2;4;4,2,127544.37490728158,FALSE
3.616039021449744,NA,Asian,4;3;2,1,73973.22999238865,TRUE
4,1500,White,4;2,2,186145.19291167284,TRUE
3.8876768131282984,1360,White,4,3,101318.56257953611,FALSE
3.1423404665956967,1410,White,4;5;4;4;5;4,2,77473.2364537246,FALSE
4,1400,Black,5;5;3;3;4,3,85078.54078562188,TRUE
3.4476601521021046,1270,Asian,4;5,1,153801.3654286031,TRUE
3.705118079862763,1410,White,4;3;5;5,2,36863.33892901819,TRUE
4,1420,Black,5;4;4;4;2,2,34525.48772124777,TRUE
3.182718737030164,1250,Black,3;3;3;4;2;3,3,141098.70317859625,TRUE
3.4342945833981595,1450,Asian,3;4;5;4;3;5;5;2;4,2,94893.4708768793,TRUE
3.6279276361511545,1350,White,3;5;3;5,1,122602.36136385046,FALSE
3.2490308359699895,1290,NativeAmerican,1;2;5;3;3;3,3,79748.22395390159,FALSE
3.625461546472433,1520,Asian,3;5,4,95573.47000027512,TRUE
3.8236971350830227,1560,White,5;5;4,1,130701.34048825198,TRUE
4,1390,Black,5;5;5;5;3;5,1,126828.46594700406,TRUE
3.2237652229672182,1270,NA,2;5;4,3,68298.5027364676,FALSE
3.3905003492719645,1440,Asian,5,4,96408.54339636462,TRUE
3.788030298774879,1370,Black,3;2,1,172137.30132578377,FALSE
3.6778198242072584,1460,White,5;3;2,2,106350.54871261607,TRUE
3.6625639911600985,NA,Asian,4;4,5,49866.2845545171,TRUE
3.749922863265839,1470,Asian,5;3;4;4;5,2,48416.551510427096,FALSE
2.9278386082996963,1190,White,4;4;4;4;3;4;3;4,2,72354.53036830982,FALSE
3.372303839811493,1340,White,5;2;5;4;5;5;2;2;2,2,52848.5117136738,TRUE
4,1390,White,4;5;3;5;1;5,2,92947.8903581812,TRUE
4,1430,Asian,3;2;3,3,123049.85704583296,FALSE
3.465380259864778,1280,Asian,5;3;5,1,126762.07773519206,TRUE
3.4633957830302924,1370,White,5;3;5;2,3,97271.96621768604,FALSE
3.9350263452208973,1440,White,5,3,82801.22798970235,TRUE
3.7723854078166204,1470,Asian,5;3;3,2,72100.69718467831,TRUE
3.4794134773600818,1320,NA,2;3;3;5;3;5;5,3,83119.47362016285,TRUE
4,1550,White,5;3;4;5;5;5,3,65467.533169583694,TRUE
3.940844397678893,1520,White,4;5;4;3;5,1,136404.99877616164,TRUE
4,1570,Asian,4;5;4;4,2,110542.15845396105,TRUE
3.8351955155861015,1450,Black-Hispanic-White,2;4;5;2,1,85462.83132122073,TRUE
3.651767782612853,1430,White,2;5;4,3,89769.56829439795,TRUE
3.807044989538691,1500,Asian,4;5;5;2,5,133593.03873002122,TRUE
4,1450,Asian,3;5;2;5;4;5;4;2,3,101350.63572626926,TRUE
3.2920773150422966,1340,Asian,5;1;5;2,2,62806.13398800334,FALSE
3.82952064246205,1480,Asian,3;5;2,3,58040.24366504696,FALSE
3.3977998901644604,1470,Black,2;5;4;4,2,114333.7405449541,TRUE
4,1570,Asian,5;5;3;4;5;3,1,107008.57015348418,TRUE
4,1370,Black-Hispanic,3;4;4;4,2,94566.9134092321,TRUE
4,1400,Hispanic,5;5,1,32661.598543498832,FALSE
3.9920218357532,1370,Black,2;5;4;5;5,0,41090.42528118165,FALSE
3.995144772961577,1380,White,5;2;3;5;3,5,52306.33445931566,TRUE
3.008128113207287,1370,Black,4;4;5;3,2,109504.69267066818,TRUE
3.8493740045665197,1450,Black,5;5;5;5,4,123105.33051901196,TRUE
3.3498493845026274,1220,White,3;3;4;5;3;3;4,2,152406.64452537755,TRUE
4,1420,NA,4;3;4;3,3,53852.16321127598,TRUE
3.7942599752646924,1560,Asian,5,3,56741.02794362286,FALSE
3.943804087910274,1340,Asian,4;3;4;3,2,93703.75074433036,FALSE
4,1470,NativeAmerican,5;4;3;5;5,2,73599.14024031223,TRUE
3.5712908749736747,1390,Asian,4;2;4;2,2,79127.63339829628,FALSE
4,1340,Black,4;4;4;5;2;5,3,95754.02480542634,TRUE
4,1540,White,4;5;4,2,111408.75316480389,FALSE
4,1440,Black,3;4;4;5;4;5;4,4,75274.1275727318,TRUE
3.1974127366637,1440,Asian,4;5,3,109958.07295955751,FALSE
3.8373931941589445,1430,White,4;5;4;3;3;3,2,64646.31614460577,FALSE
4,1510,White,5;2;4;5;4;4,2,98162.70622828917,TRUE
3.0392774879757827,1440,Asian,4;4;2,2,80354.1224140942,TRUE
3.3763276782951266,1250,Black,2;2;2;5;4,4,168619.34468428494,TRUE
4,1440,White,2;5,3,72590.83925095748,FALSE
4,1460,White,2;5;3,2,103441.33589952272,TRUE
3.925088772744907,1520,White,5;4;5,1,121273.53822804656,TRUE
4,1410,NativeAmerican,4;5;3;3,3,68509.57369837574,FALSE
4,1440,Black,3;4,3,75875.38494806776,TRUE
4,1560,Asian,4;2;5;2,3,101924.12528454044,TRUE
3.6054607119980107,1520,Asian,2;5;4;5;4,2,77672.25697933102,FALSE
4,1540,White,5;5;2;5,3,138491.7918904744,TRUE
4,1370,Black,4;5,2,71809.37010409021,TRUE
3.7791141992443573,1260,Black,2;5;3;5;5,2,95041.60961798091,TRUE
3.7771534350422846,1330,Black,4;3;4;5,3,134766.58349251392,FALSE
3.763669954569695,1390,White,3;4;3;2,0,98904.05844768428,TRUE
3.7561853318105434,1320,Black,3;2;5;3,0,68691.80704084903,TRUE
2.848073606695001,1420,White,4;5;3;5;4;5;3,1,47547.33980067855,FALSE
3.4266119519145395,1440,Asian,5,3,146716.61513903222,FALSE
4,1430,White,3;4;3;5,3,102174.54809881501,TRUE
4,1490,Asian,3;2,3,131432.77659981133,FALSE
4,1440,Black,3;5;5;3,1,114620.52967934682,TRUE
3.6910443143571996,1390,White,5,3,96108.30662524381,FALSE
3.790168044300072,1520,White,5;3;5;5;4;5;5;4,2,93542.69198414338,TRUE
4,1410,Asian,4;5;1;4;2;5,4,67953.56778207794,FALSE
4,1530,White,5;5;3,4,102575.96833133491,FALSE
3.9659046603665806,1240,Black,3;3;2;5,3,55207.74784895391,FALSE
3.427378463220401,1380,White,5;4,0,64736.23969200388,TRUE
4,1430,White,4;4;5,3,107460.94878566994,TRUE
3.030135192509724,1220,Asian-Hispanic,4;4,1,86945.00844431728,FALSE
3.859141396138221,1330,Black,4;5;3,4,95553.43948389453,TRUE
3.404669925044456,1200,Black,3;3;3,2,103272.74713297222,FALSE
3.837431232410621,1320,White,3;4;4,2,53954.31205349693,TRUE
3.2253286250951554,1330,White,3;4;5;3;1,2,66342.10407670682,TRUE
3.2790843729158743,1150,Black,3,4,96676.141465335,FALSE
3.955042985997895,1440,White,5;4;5,2,117718.94413951894,TRUE
4,1540,Asian,5;5;4;5,2,109285.54797474608,TRUE
3.635274536072344,NA,Asian,5;4;2;3,3,109631.28809293748,TRUE
3.426936057362626,1400,White,3;2;3;4;3,2,91499.66003619623,FALSE
3.5996782224970976,1520,White,3;4;5;4;3,2,136157.46482170338,FALSE
4,1520,White,5;4;5;4;4;4;4;4,3,168685.66574469366,TRUE
4,1510,White,4;5;4,2,90418.09366346236,FALSE
3.835617844759121,NA,Asian,5;3;4,3,58930.256358688,FALSE
4,1440,Black,4;5;5;5,1,81464.11125830973,TRUE
4,1460,NA,3;3;4,3,100232.99627227946,TRUE
3.5702552005444006,1360,White,1;3;5,2,128012.67341916022,FALSE
4,1430,White,4;5,2,110596.11028728416,TRUE
3.4281790581916924,1420,Black,3;4,1,75903.17787076895,FALSE
3.742845843092959,1410,Black,4;2;5,1,67959.31446648356,TRUE
3.651660570752477,1410,Asian,2;5;4,2,93097.7213684116,TRUE
4,1290,Black,2;4;4;4,3,95763.65286441399,FALSE
3.685011919557568,1280,Black,2;3;4;3,2,94397.5675527014,TRUE
4,1460,White,5;5,1,77138.03567330806,TRUE
4,1390,NativeAmerican,4;3;4,4,71028.11353523901,TRUE
4,1420,White,3;2;5;5;5;5,0,69843.05847083239,FALSE
2.6830310465800817,1350,Black,2;3;4;5;5,3,106548.4770788082,FALSE
3.2083596729230757,1400,Asian,4;4,4,82900.9721136335,FALSE
3.0568639470935652,1300,Black,5;4;5;2;4;5;1;2,3,77810.23857232109,TRUE
4,1350,Asian,4;4;5;1,4,166874.21709343506,FALSE
3.413744088478056,1340,White,5;3;4;3,4,118952.96335401914,FALSE
4,1470,White,5;3,2,170469.1276729287,FALSE
3.071302008165503,1450,White,5;3;5;4,3,73069.05131671853,TRUE
3.791454706323152,1500,Asian,3;5;4,3,131692.54142248028,TRUE
4,1380,Black-Hispanic,5;5;5;2;4;4;4;5;4,2,65368.526343090314,TRUE
4,1430,White,5;4;5;2,3,81770.54129136575,TRUE
3.1198831564132816,1370,NativeAmerican,4;3;5;3,1,49120.11501459635,TRUE
3.701947447489381,1520,White,5;5;5;5;5;3,3,121599.8059084623,TRUE
4,1420,White,2;3;5,2,76570.56509711308,FALSE
4,1450,Asian,4,3,75485.7359361341,TRUE
3.19041447219021,1420,White,4;5;4;2;5;3,1,103245.89409461961,TRUE
4,1470,White,3;5;5;4;2;2;2,4,161507.71693794732,TRUE
3.7075765043286735,1400,White,5;3;3;1,4,125106.74076144559,FALSE
3.6688438817724958,1270,Black,3;3;4;5,3,155052.30800704903,TRUE
4,1380,Black,5;5;4,4,100865.26546900511,TRUE
2.969936048385367,1380,Asian,3;4;4;5;4;4;4,2,150979.58948763733,FALSE
3.3684499103028895,1460,White,4;3,3,56123.653565578585,FALSE
3.5017200826780863,1240,Black,5,1,66779.84134059395,FALSE
3.6621494761807476,1420,NativeAmerican,5,1,110497.40585468919,TRUE
3.6734222210876513,1380,Asian,4;4;2;5,1,97881.13912847974,FALSE
3.8704621300060804,1530,White,4;5;2;5;2;2;2,2,89437.43505317357,TRUE
3.6005381838953743,1390,Black,4;5;3;5,1,90918.31474934805,TRUE
3.385057504563889,1450,Asian,3;4,3,66929.88580832856,FALSE
4,1470,Asian,5;5;5;5;5;4,4,145240.7164514938,FALSE
4,1550,White,5;5;5;2;4;3,4,198211.82952802363,TRUE
4,1480,Black,4;5;5;5;2,2,114131.43922854136,FALSE
4,1420,Black,4;5;5;4;5;4;4;2;5;3;4;3;5,3,128448.48973795149,TRUE
4,1450,Asian,3;5;5,3,165012.97853205827,TRUE
3.950591594857671,1540,Asian,2;5;5;5;3;5;5,2,65741.49125976277,TRUE
4,1470,White,5;2,0,124020.9942564891,FALSE
3.800809324201923,1350,Black,4;4;4;5;5,2,91026.21039231501,TRUE
3.703621178620337,1430,White,5;5;5,4,149936.4883096343,TRUE
3.572155370775647,1390,White,5;5;4;3;3;5;5,4,106913.7887980373,TRUE
4,1450,White,4;5,4,80848.31210879727,FALSE
3.335965968549832,1420,Asian,4;1,2,87885.8573564693,FALSE
4,1450,NA,4;5;5;5;2;5;3;5;5,3,53822.890013402146,TRUE
4,1510,Asian,5;5,4,125076.38350070456,FALSE
4,1400,Black,5,2,112665.03865972972,FALSE
3.573651709080548,1340,Black,4,3,73913.7153049691,FALSE
3.583702625150686,1370,Black,5;5;5;5;5;4,4,95553.40135358035,FALSE
4,1450,White,2;5;4,2,74646.65325246949,TRUE
3.2784348526959963,1440,White,5;5;5;2;4,4,147563.38423274996,FALSE
4,1540,White,5;2;2,2,156907.54368592688,FALSE
3.9492635388223483,1420,Black,4;3;5;4,3,99678.70721688385,TRUE
3.506451804797866,1550,White,5;5,2,82048.08499862935,FALSE
3.4371709833321917,1490,Asian,4,4,103478.19574239079,TRUE
3.353578293789135,NA,White,3;3;4;4,1,150948.37821551965,FALSE
3.6353833661299397,1310,Asian,3;3;2,3,48920.46390962577,FALSE
3.6077256823081685,1330,Black,5;5;4,2,88236.96919782949,TRUE
4,1590,Asian,5;5;4,1,180835.28033108125,FALSE
4,1400,White,3;5;5;5;2,3,86926.25594695327,TRUE
2.9227274299781927,1260,Black,5;3;3;4;3,4,82144.29389542116,TRUE
4,1350,Black,5;4;5;5,2,96979.45424805659,TRUE
3.8257554229117856,1410,Black,5;4;4,3,117596.67299235762,FALSE
3.285649126752637,NA,Black,3;5;4,4,113741.78158442055,TRUE
3.1703217842663216,1300,White,4;4;5;1;2,2,46624.29369526824,FALSE
3.9140577589540575,1220,Black,4;4;4,1,125251.56875380484,TRUE
3.095527967738533,1370,White,5;1;4;5,5,100205.01336080955,FALSE
4,1410,Black,4;5;4;4,4,112101.98360840941,TRUE
4,1510,Asian,3;3;3;3;4;5;2,2,160118.94513038787,TRUE
3.366857958267062,1410,Asian,4,1,61376.290864949005,TRUE
3.478905126125642,1240,Hispanic,5;5;2,2,59606.70856685178,FALSE
3.5418760280830934,NA,Asian,4,2,89866.96285467737,FALSE
3.4203469489576768,1440,White,4;3;5;5;4;5,3,78958.46098856194,TRUE
4,1370,White,4;5;3;1;4,1,166565.79914663188,TRUE
2.978370445173182,1400,Asian,4;3;3;3;3,1,106785.160154779,FALSE
3.5223025796023695,1240,White,4;4;3;4;5,1,127714.08124450558,FALSE
3.6882447228202104,1390,White,4;4;4;4,2,152664.0799258904,TRUE
3.9874906284143625,1370,Black,4;5;3;3;4;4;5;5;3;4,2,62204.70784002305,TRUE
2.9455692273777228,NA,NativeAmerican,4;5;5;4;4,0,62031.01458487338,FALSE
4,1500,White,5;4;5;4,4,66518.54442946218,TRUE
3.4680376208181065,1480,Asian-White,3;4;4,4,130396.43277537124,TRUE
3.3112645581682107,1400,White,3;4;5;5;2,1,203416.0387714836,FALSE
3.914561351920523,1590,Asian,4;5;4;5,2,86212.72444833982,TRUE
4,1350,White,3;5;1;5;4;5;3,4,126500.54692338847,TRUE
4,1210,NA,1;3;4;1;4;4,3,94911.35318615903,FALSE
3.996286440499636,1380,NA,4;4;3;3;2;1,2,88647.06051235949,TRUE
3.505264570521506,1320,Black,3;4;4;3;5,1,67703.74551102653,FALSE
3.7304668593425956,1400,White,3;4;4;4;4;5,3,37563.195730534135,TRUE
4,1430,Black,5;4,1,83024.0296310623,FALSE
4,1520,Asian,2,2,99448.48814224494,TRUE
4,1380,Black,5;5;5;5,3,68031.65672202491,FALSE
3.9470313165321267,1380,Black,5;5;5;5;5;5,3,136577.11489967917,TRUE
3.2565542352290135,1400,White,4;2;3;5;5;4;5,2,83246.85359830232,TRUE
4,1400,Asian,3;5;3;4;3;3;5;5;3;5,4,32652.438711167277,FALSE
3.88836504062881,1340,White,5;5;2;5,2,148813.54612808954,TRUE
3.9041656932087294,1360,Black,4;2;5;5;3,1,83173.4376234189,TRUE
3.771961976568012,1440,Asian,5;5;5;4;5;4,4,105925.24218872574,TRUE
4,NA,Asian,,2,124966.26902648291,FALSE
3.456902755479069,1150,Black,1;3;2;3;5;4;2,2,60770.32388895391,TRUE
4,1160,Black,3;5;5,1,94204.22870326423,FALSE
3.706830413641681,1430,Asian,5;2;2;2;5,2,86037.79942425703,TRUE
4,1360,White,4;5;3,2,70718.98691288491,TRUE
4,1420,Black,4;5,3,120200.46082311354,TRUE
3.630070711945433,1420,White,5;2,2,150364.90524414007,FALSE
3.83874567431561,1440,Asian,5;3;4;4;5;2,1,106974.20787185356,FALSE
4,NA,Asian,4;5;5;4;5;4;3,3,72136.38763773892,TRUE
3.9581431191135437,1340,Black-Hispanic,3;5,2,103407.9206522108,FALSE
4,1460,White,5;3;4;4,4,86716.23864824612,FALSE
3.6668105368107096,1420,White,5;3;4;4;2;3;5,2,99598.83589859636,FALSE
3.734616788274478,1340,Asian,4;2;3;5,2,101900.59793090782,TRUE
3.9501157278748704,1390,White,5;2;1;4,3,142944.0536510938,TRUE
4,1320,NA,5;3;5,3,94661.22111742989,FALSE
3.5430426631056537,1440,Asian,5;5;5;5,1,111004.03397700879,TRUE
4,1450,White,4;3;4;5;5;5;5,2,85404.21750092405,TRUE
4,1340,White,4;3;3;5;5;5,3,67979.90902614838,TRUE
3.301254890457466,1330,Asian,3;4;3;4;1,3,124680.14163251354,TRUE
2.723741944425428,1290,Black,1;5;4,2,107544.46278739013,FALSE
3.5697405576004506,1470,White,5;4;5;4;3;3,3,40843.909538015854,TRUE
3.594339128352072,NA,Black,4;3;4;5,3,90804.08293276711,TRUE
4,1460,Black,5;4;5,3,137401.9405622807,TRUE
4,1450,Asian,4;4,2,134252.0287348417,TRUE
4,NA,Hispanic,4;5;3;3;2;2;4,2,84723.89338110728,TRUE
2.9652642740685815,1330,White,4;5;2;4,1,130650.93967289563,TRUE
3.1081123392662127,1250,White,1;4;5;2;4;4,2,114864.60501028161,FALSE
4,1410,Black,4;4;2;2,3,80148.13589332404,FALSE
4,1460,Black,5;3;5;5,4,146135.61766214698,FALSE
3.9951264764675143,1440,White,5;2;4,2,112895.0744029332,FALSE
3.763525702207991,1470,Asian,5;5;4;5;4,1,75271.1668220256,FALSE
3.8685973289321396,1490,White,5;5;2,3,54808.869999120594,FALSE
3.7819556228609783,1440,Asian,2;5;4;3;4;4;4,4,60773.959910693586,FALSE
3.4493832411282437,1280,Black,5;3;5;2;1;2;4,4,128768.5006930343,FALSE
4,1290,Black,2;2;4;5,1,113400.62384802272,TRUE
4,1430,White,5;5;4,2,57366.569690215845,FALSE
3.6840626431198684,1290,Asian,3,1,74538.21896156615,FALSE
3.482594346475925,1360,White,2;3;3;4;4;4;3,2,115335.28555013612,TRUE
4,1590,Asian,5;5;2,2,48277.92346281079,FALSE
3.6015795823542534,1490,Asian,4,3,135793.5777461126,FALSE
4,1250,Black,4;5;3;2,2,110730.99837545549,TRUE
4,1510,Asian,3;5;4,3,72103.58711488715,FALSE
4,1450,Asian,4;4;4;4,3,102254.75499936925,FALSE
3.968301355274179,1430,White,3;2;4,3,119982.2019195436,TRUE
3.8344307465006136,1520,Asian,3;5,3,136559.92962637777,TRUE
3.1391679700854596,1160,White,3;3;1;2;3,2,82706.86569377127,TRUE
3.773999040106785,1450,White,5,2,128130.98852271668,TRUE
3.1822961373813445,1210,Black-Hispanic,4;4;3;5;3,2,63423.785983944035,TRUE
4,1420,Black,4;5,4,117084.21604883939,FALSE
3.318870329158519,1300,NA,3;3;2;4;1;5,4,109488.39749211472,FALSE
3.2878394368386914,1420,Asian,5;4;5,2,115792.69995596606,TRUE
3.6179166921458963,1520,Asian,5;4;5;5;5;3;4;5;5;4;4,2,69740.64291587088,FALSE
3.6373047953675037,1400,White,4;5;3;4;3;3;4;3,4,69054.43188331922,TRUE
4,1510,White,4;4;5,2,88949.57195551763,TRUE
3.4382708244948708,1260,Hispanic,4;5;4,3,128303.58379856464,FALSE
1.984371014667206,940,Black,2;3;3;3;4,1,102273.69776879421,FALSE
4,1330,Hispanic,,0,99850.72309969248,TRUE
4,1130,White,1;5;3,5,140878.27185162896,FALSE
4,1430,Asian,4;1;4;5,4,67310.65445097373,FALSE
4,1510,Asian,5;5;5;4;4,3,123726.96937466747,TRUE
3.9373457203707933,1340,Black,3;5;4;4;5;2,3,87306.553007257,TRUE
3.4409959784434814,1410,White,4;4,2,171876.54088174258,FALSE
4,1490,White,4;4;5;5;3;3;3,3,108129.84943313728,TRUE
3.3966210323936696,1400,NA,3;3;5;4;3;3;5,3,105402.70160219829,TRUE
4,1420,Hispanic,2;3;5;4,2,126694.82086963711,FALSE
3.7821552001547594,1470,Black,5;5;5;4;5;5;5,4,87652.98602125354,TRUE
4,1470,Black,5;5;4,2,120036.23958290383,TRUE
3.6061550787677623,1350,White,5;5;3;3,3,102106.31565620119,TRUE
3.7336910491512194,1470,White,4;3;3,2,56554.47438688402,FALSE
3.9538778771069856,1530,White,4;5;5,1,87803.09402515346,FALSE
4,1380,Black-Hispanic-White,5;4;4;4;3;2;4,2,103514.27692525771,FALSE
3.512783088696567,1280,Black,4;1;5;4;4;4;4,2,103192.96640530576,TRUE
4,1480,Asian,5;5;4;4,2,110803.08356441499,FALSE
3.8996313233371738,1480,Black,4;5;2,1,122015.87017616321,TRUE
4,1360,Black,2;2;5,3,94505.76142821132,TRUE
3.0263942445209437,1520,White,2,0,86714.6206551297,FALSE
4,1430,NA,5;2;5;3,3,79916.30797459604,TRUE
3.295447430574059,1390,Black-Hispanic,4;4;3;5,3,83393.73381372492,FALSE
4,1270,Black,4;4;4;2;3;4;5;4,3,79949.61304223306,TRUE
2.906922058476668,NA,Asian,2,2,91936.13033974275,FALSE
4,1540,Asian,2;5,1,88146.86528849832,FALSE
3.9474999828480324,1370,Black,3;3,3,78760.31340366745,TRUE
3.5296757492989013,1450,White,,3,70228.20959984022,FALSE
4,1510,White,4;4,3,104752.67166543615,FALSE
3.1050863546332748,1440,White,5;3;3,4,50094.835041745886,TRUE
4,1530,Asian,4;5;5,2,57498.41357029947,TRUE
3.7967599771366807,1340,White,5;3,1,93978.39041247041,TRUE
4,1510,NativeAmerican,2;4;4;3,3,86030.62731577051,TRUE
3.8119833544203674,1270,Black,3,4,72135.00831917171,TRUE
3.465894410159124,1390,Asian,4;3;3;5;5;3,5,103636.88931882409,FALSE
4,1550,White,5;4;5,2,64908.16885759971,TRUE
4,1330,Black,3;5;4;3,3,74899.7995097696,TRUE
2.4101014957412907,1260,Asian,5;3;5;4;4,2,124616.2141799831,FALSE
3.697408415688175,1420,Black,5;5,2,51494.431081359515,TRUE
3.8307359901039226,1240,Black,5;4;4;3;3;4;5,2,62097.77689407092,TRUE
4,1260,Black,5;2;3,3,84455.15539504553,FALSE
3.455207406920733,1360,White,5;4;5;5,1,96009.02294015484,FALSE
4,1540,White,4;4;5;5;4;4;5;5,1,117285.71645284614,TRUE
3.2338044539416897,1480,Asian,5;2;3;5,3,105803.41428914233,TRUE
4,1520,White,5;5;3;4;5,2,117052.69196988216,TRUE
3.227941209674942,1450,Black,5;4;5;4;3;3,3,123600.668306,FALSE
3.3186956899423037,1330,White,2;4;3;2;3,4,115280.522539318,TRUE
4,1450,Black,5;3,3,163663.1809691482,TRUE
3.8182422858603884,1390,Asian,4;3;4,2,47776.90095000178,TRUE
3.980396006641531,1420,Hispanic-White,4;3;3;5;2,4,120328.07793786608,TRUE
4,1450,White,5;4;3;4;2;4,2,98760.55003732242,FALSE
3.5415468449962573,1280,Black,5;5;3;3;4,4,88244.12642253697,TRUE
3.6918236215913773,1410,Asian,5;3;3,3,78324.73115739509,TRUE
3.859614528502484,1340,White,4;5,2,118412.48416045975,FALSE
3.949336627604201,1370,Asian,5;3;4,3,107898.15138570947,FALSE
4,1530,Asian,4;5;4;4;4;4,1,95428.36744591479,TRUE
4,1400,Black,5;5;5;3;2,2,141992.53001319,TRUE
4,1390,White,4;1;4;4,2,104146.2248294741,TRUE
3.3272809301573467,1390,NA,5;5;5;5;1;3;2;4,4,124398.10162804274,FALSE
3.6645774977858387,1350,Black,5;3;3;4;4;3,3,104371.30533421914,FALSE
4,1510,Asian,4;5,3,60037.908253626716,TRUE
3.6915907295907227,1520,White,3,1,144046.22432652238,TRUE
3.5172658682836984,1410,Asian,4;3;3;5,2,59642.53764246263,FALSE
4,1480,Asian-White,2;3;3;4,3,73264.02482049874,TRUE
4,1460,White,4;3;5;3;4,0,121235.8191707851,TRUE
2.398837935623641,NA,White,1,3,95499.97026373143,FALSE
3.392320322482531,1540,White,4;5;2;5;5,3,154738.59135206084,TRUE
3.763473849544014,1390,Asian,4;5;4,1,53100.897092849234,FALSE
4,NA,White,5;3;5,3,46654.319638802735,TRUE
3.763707730116645,1380,Black,5;5;5;5;5;3;3;3,2,77818.01586666814,TRUE
3.5941120542907803,1450,White,4;4;3;4;5;4,3,72771.00296631739,TRUE
3.5619110009362522,1360,White,5;1,4,70926.49910934568,FALSE
2.8039808802871713,1370,Black,3;2;4;5,2,99825.07849998493,TRUE
3.121858537484733,1520,White,4;3;3;5,4,105452.58387988315,FALSE
4,1410,Black,5;4;5;3;5,5,51906.38063493631,TRUE
4,1540,Asian,4;5;5;5,2,96455.26900297138,FALSE
3.9242270227952707,1350,Black,4;5;2;5,1,46240.61557251109,TRUE
3.5651319000657993,1380,Black,4;5;5,2,68672.01376452667,TRUE
3.7541849900896507,1470,White,5;3;2;3,3,156076.2269511036,TRUE
3.642344079663917,1420,NA,4;5;3;3;2;2,3,87832.23480342932,FALSE
3.7050217323599024,1440,White,3;5;3,2,127561.55407589539,FALSE
4,1550,White,4;5,2,69694.62403686337,FALSE
4,1410,White,5;4;5,2,159617.04132345424,TRUE
3.516399782040333,1320,White,4,2,86956.81604094172,FALSE
3.285376786162625,1390,Asian,5;4;4;3,4,136617.29097542097,TRUE
3.5942216820568547,1450,Black,5;5;4;4,3,127607.68891692947,TRUE
4,1250,Asian-Hispanic,5;5;3;5;1;3,0,130251.6208713495,TRUE
3.4848087883102905,1280,NativeAmerican,3;4;5;3;1,4,94143.56229080973,FALSE
4,1450,Black,4;5;4,3,81758.29745464695,TRUE
4,NA,White,3;5;5;4;5,2,51744.25800794455,FALSE
4,1490,Asian,3;2;5,3,112832.82878758511,TRUE
3.625225412094079,1310,NA,3;4;3;1;5,3,92963.97369702996,TRUE
4,1300,White,2;3;3;5;3;4,3,90853.37348061525,FALSE
3.2855434100939163,1420,Asian,1;2;5,3,74941.18804013236,FALSE
4,1470,White,5;4;2;5;4,1,132564.73268934322,TRUE
3.749739450498981,1380,Black,4;2;3;5;4;3,4,117482.63967201237,TRUE
3.34960498163329,1450,Asian,3;4;5;4,3,100805.95054799419,TRUE
3.729853197686479,1390,NativeAmerican,3;2;5;2,3,107776.73274047933,TRUE
4,1450,Asian,3;4;5;2;3,2,78442.0819550503,TRUE
3.2735743931891403,1330,White,5;3;4,2,31147.59806324461,FALSE
3.311436573360859,1520,White,5;4;2,3,97759.09908380156,TRUE
3.7253555917254886,1320,White,4;4;4,3,122419.57551796602,FALSE
4,1430,Asian,4;3;5;4,2,104179.21255061855,TRUE
3.565646109268481,1290,Black,5,3,59250.09888699907,TRUE
4,1400,Black,5;4,4,108573.11439892619,TRUE
4,1450,NA,5;4;4;5,2,45266.83730170749,FALSE
4,1300,Black,5;2;4;4;3,2,45704.169978889935,TRUE
3.5304393226799187,1460,White,5;4;4,1,76841.50180120947,TRUE
3.912035303732026,1330,Black,4;4;1;4;3;5;5,2,138962.9333639238,FALSE
3.787108168130664,1450,Black,2,2,140412.5896833314,FALSE
4,1290,Hispanic,4,3,69179.51964998491,FALSE
4,1440,Asian,5;4,3,104297.21462491206,TRUE
3.9971923272168737,1430,White,5;4;3;5,4,52877.42249482596,TRUE
4,1430,Black,,2,129860.42024657392,TRUE
4,1490,Black,4;4,1,132430.8615243448,FALSE
3.1786434803734016,1130,Black-Hispanic-White,3,3,129281.7489808662,FALSE
3.707320596443161,1100,Asian,3;2;3;4,3,67248.85676614338,FALSE
3.261807576565201,1320,Black,,0,83732.27276239864,FALSE
4,1540,White,5;5;4;5;5;5,3,71796.94760658238,TRUE
3.967473977684723,1540,White,5;5;2;4;2;5;5;5;5,2,82556.05263126314,FALSE
2.813066051645444,1320,NativeAmerican,5;4;5;4,3,97944.89970326918,TRUE
3.5559033004021834,1460,Asian,4;5;5,3,79659.60028075734,TRUE
3.8050634254921776,1250,Asian,2,2,88465.2476863209,TRUE
4,1480,Black-Hispanic,,3,69791.10699212868,TRUE
3.1454098769822885,1380,NA,3;2;4;4;3,2,132660.9742772825,FALSE
3.698582860013826,NA,White,3;4,3,67374.32080953258,TRUE
3.58678240953503,1310,Hispanic,4;4;5,0,109502.47488310859,FALSE
4,1430,Black-Hispanic-White,4;2,3,112838.50327079307,TRUE
3.934494079677099,1490,Black,5;4;4;5,3,82353.30284760265,TRUE
3.7672889071161504,1430,White,5;5;2;5;3;5,2,84693.93091228098,FALSE
3.377720454995619,1430,White,3;5,1,136228.35178907096,FALSE
3.825365090391877,1400,Asian-Hispanic,5;2;5;3,4,90137.87952173704,FALSE
3.7564160774108513,1190,Asian-Hispanic,4;4;5;4;3,3,96896.49760843698,TRUE
3.5385487510373714,1400,Asian,1;3;2,4,65642.23652704303,FALSE
3.9216101113981425,NA,White,5;4;5,3,114748.26556468439,FALSE
3.9661818306686594,1510,Asian,5;4,1,110134.77874492039,FALSE
2.916100835408914,1390,White,4;3;2;3,3,118630.61400808228,FALSE
3.1302748972354344,1360,White,3;4;4;5;5;4;3;3,3,108205.76379881581,TRUE
4,1350,Asian,4;5;1;4;5;5;3,3,72605.8766145178,TRUE
4,1290,White,2;4;3;2;3,2,104696.34923740798,TRUE
3.780400091243848,1460,Black,4;4;5,3,60375.6590884358,TRUE
3.4602245995527356,1360,White,3;1;2;1;4;5;4,5,59253.91893772741,TRUE
4,1410,Black,4;4;2;5,2,182772.54600615756,TRUE
4,1550,White,4;2;2,3,93137.27796716796,TRUE
4,1490,White,3;5;2;5,2,68728.5985917254,TRUE
3.848316354826284,1460,White,4;2;4,1,132539.36157864114,FALSE
2.8579352990623526,1230,Black,1;3;5;1;4;5,3,142646.16757624468,FALSE
4,1360,Black,3;2,3,104454.02521264272,FALSE
4,1380,White,5;4;4;5;3,1,100560.68187679471,TRUE
4,1530,White,5;5;5;4,1,84060.29160825985,TRUE
4,1450,White,5;2;3;5;3;5,3,72089.94733198726,TRUE
4,1460,Black,4;5;5;5;5,3,163990.16144486552,TRUE
3.8673136492924924,1460,Asian,5;5;2,3,102213.94881024836,TRUE
3.5368603424988736,1330,Asian,2;5,2,94282.47335944782,FALSE
4,NA,Black,4;5;3;5;5;5;3;5,4,57951.08499583915,TRUE
3.1662075104339893,1540,Asian,5;5;2;5,1,31138.18432218899,FALSE
3.803244016151068,NA,White,5;5;4;4;5,3,165253.48340192184,TRUE
3.4836665017968023,1370,Black,3;5;4,3,78722.77813731048,FALSE
3.569545449234854,1480,White,2;4;5,4,97735.32559866337,FALSE
3.3593381932105375,1420,Asian,5;4,3,95613.88995221439,FALSE
4,1540,White,4;4;4;5;5;4;5;5;5;4;5,2,89478.70153359236,TRUE
4,1420,White,3;5;5;5;4;3;2,3,104228.05933104096,TRUE
3.9339623784698206,1510,Asian,4;3;4;3;5;4,1,113618.23329001474,TRUE
3.9075715696780544,1360,Hispanic-White,5;4;5;4,3,97948.59686348504,FALSE
4,1530,White,5;5;4;4,3,104771.43414103024,TRUE
3.8832286785339996,1350,Asian,5;3;4;3;5,3,95142.83307739193,TRUE
3.472698313704619,1280,Black-Hispanic-White,4,4,120341.01292311856,TRUE
3.1820559350140307,1510,Asian,5;3;5;4,2,107362.11898625827,FALSE
3.882274515535457,1260,Black-Hispanic-White,3;1;5;3;5;4,4,92086.44149349445,TRUE
3.617493657061361,NA,White,5;3;3,2,76109.26928188108,TRUE
4,1450,Asian,5;2;5;5;3,2,77793.44592421652,FALSE
3.4227830522267197,1120,White,2;4;2;5;3;1,3,90478.19020672228,FALSE
3.820190883327359,1330,Asian,3,3,77185.5095094654,FALSE
4,1300,NativeAmerican,1;3;3;4;4,2,106698.85241402095,TRUE
4,1450,White,4;3;5,2,72781.971440385,TRUE
3.501792240271655,1300,Black,5;2,3,79815.0573530187,FALSE
3.3808385998406125,1370,Black,5;5;4;4,2,68461.61474362548,FALSE
4,1460,White,2;2;3;4;4,2,91962.2594084513,TRUE
3.602663948267403,1350,Asian,4;5;3,4,77510.84159398498,TRUE
4,NA,Asian,3;4;4;4;2,2,149499.0709292143,TRUE
4,1430,White,5;2,4,88901.00009743284,TRUE
3.4820895635526754,1490,Black,2;5;4;4,2,110256.1119262284,TRUE
4,1350,Black,5;5;1,3,87990.33424462765,FALSE
3.6452326726615927,1310,White,5;3;5;2,2,78952.6056535973,FALSE
3.68754612160971,1410,Black,3;3,3,123670.6028104308,TRUE
3.8447153484359986,1240,Black,4,1,213506.5342228185,FALSE
4,NA,Black,4;4;4;2;3;4;5,3,59480.78787935077,FALSE
3.8419212440724406,1410,White,3;4;2;2;5;3,3,71176.25839500096,FALSE
3.3840339707095,1360,Asian,5;3;1;4;4,3,48820.80564183238,FALSE
3.4023678976929514,1480,White,2;5,2,74550.9099567625,FALSE
4,1300,Black,2;4;3;5,1,73564.55742341037,TRUE
3.2441756668148747,1360,Hispanic,,4,81949.21994222673,FALSE
3.555091471725196,1470,Black,4;5;5;2;5;3;4,3,48502.49909436812,TRUE
4,1340,Black,4;5;4;5;3;5,2,68274.5275236827,TRUE
4,NA,Asian,5;3,3,122222.00825701407,FALSE
3.3381145305886744,1380,White,4,1,87027.47992721759,TRUE
3.689902526304129,1600,Asian,4;5;3;5;4;5;5,4,63050.2623985341,TRUE
4,1510,NA,4;5,4,112664.25376839438,TRUE
4,1520,Asian,4;4;5;5;2,4,181324.16821403298,TRUE
3.997058637380494,1270,Black,5;3,1,126571.17339205311,TRUE
3.563178962811568,1560,NA,4;5;4;5,1,97946.66310736083,TRUE
4,1470,Black,4;4,1,71945.55635979478,TRUE
3.4558569339432093,NA,Black,3;5;5;5;5;5,2,105266.5691151457,TRUE
3.9350253661901773,1490,Asian,5;4;5;4;4;4,3,50831.62594299601,TRUE
3.220917247890049,1300,Black,5;3;3;4;5;4,3,86266.04986696245,TRUE
3.4312215757946936,1480,Asian,2;5;5;5;4;5;3;3;3;3,3,186077.8233393677,TRUE
4,1540,White,2;5;5;5;4;2;3;3;5,1,87202.47649232416,TRUE
3.9491915514663414,1360,NA,3;2;4,0,123015.60487740909,FALSE
3.7769291916391983,1450,White,2;3;5;3;5;4;2,2,93741.08134474067,TRUE
4,1430,White,3;4;5;4,2,66160.38129588224,TRUE
3.5418258950003376,1310,NativeAmerican,1;4,2,97000.42857932617,FALSE
4,1360,White,3;2;5;5;3;4,4,117196.629467447,FALSE
3.2984683867900086,1230,Asian,1;4;2;3;1;4;1,5,132084.02961491613,FALSE
3.2909481707496058,1240,White,3;2;3,2,95439.94655283517,FALSE
4,1510,Asian,5;5;4;4;5;4;4,3,164204.78133892722,TRUE
3.311417265172859,1390,NA,4;3;1;5;5;3,2,123609.04015106182,FALSE
4,1470,White,4;4;4,3,90078.70825886098,FALSE
3.9642452956670247,NA,White,5;4;4,3,83372.51530403754,TRUE
3.999871790063668,1440,Black,4;5;5,5,66057.48902833698,TRUE
3.022645243943441,1370,Black,4;2;3;5;3,2,91252.89447599766,FALSE
3.72880737809487,1540,NativeAmerican,4;4;4;5;2;4,2,96061.34076205025,TRUE
3.6621130969495868,1430,Black,4;3,1,150823.6058867982,TRUE
3.5747162319276984,1360,White,3;3;3;4,2,55520.377447515995,TRUE
3.8945120941534292,1460,Asian,5,3,94474.0211964543,FALSE
2.5856980455928458,1240,Asian,4;5;1;3;1,4,49380.90208407278,FALSE
3.822675130033357,1320,Black,4;1;2;5;5;5;3;5,3,125110.20303979349,TRUE
4,1470,NA,3;5;5;5,1,115185.39690161367,TRUE
3.9074356297123454,1400,Asian,5;4;5;4;1,3,50138.12924612862,FALSE
3.750701554027185,1390,White,3;3,3,118101.46307336591,FALSE
3.217381318103524,1270,Black-Hispanic-White,5;4;5;3;4;4,3,69326.18597658028,TRUE
3.3385506514034238,NA,Asian,5;4,3,72519.84621003081,FALSE
3.698878624905577,1450,White,5;5;5;4;4,2,124580.93114636856,TRUE
2.964186950103757,1230,Black,2;5;3,2,36504.51824225644,FALSE
3.713361215841648,1410,Asian,5;3;5;3,1,109997.19753294444,TRUE
4,1500,White,3;4;5,1,161964.67666730794,TRUE
4,1230,Black-Hispanic-White,5;3;2;5;5;5,4,83877.08719443304,TRUE
3.9528400030498214,1370,Black,4;5;3;5;5;5;4,2,93296.26208242896,TRUE
3.787365326442936,1290,White,1;4;4;4;3;4;4;4,2,81594.57549536819,TRUE
4,1500,Asian,3;5,3,87577.09921302959,TRUE
3.289142515780712,1420,White,4;3,3,129511.34083311212,TRUE
3.879252803284076,1550,White,5;2,3,82072.13442600599,FALSE
3.4108081647029937,1340,Asian-White,3;4;4;3;4,4,132837.710733682,FALSE
4,1470,White,3;3;2;5,5,66939.6356266124,TRUE
3.7210795458562425,1420,White,5;5;3,4,146786.71944526688,TRUE
3.1994234718220294,1150,Black,4;3;3;2;4;3,3,84283.7379231801,TRUE
3.904481863217145,1380,Black,5;5;4;4,1,117920.58570494229,FALSE
3.8564461110067807,1380,Black-Hispanic,5;4;5,2,82439.25507871174,TRUE
3.948167428315976,1430,Black,4;4;5,0,79297.20181862262,TRUE
3.926157069180874,1330,Black,,3,70611.02519067394,FALSE
3.595661746882203,1450,Asian,5;5;3;5;4,1,146799.49936414653,FALSE
4,1440,Asian,5;2;5;4;5;3,4,111460.44943482302,TRUE
3.7653450362276706,1260,Black,3;4;2,3,83481.55496810998,TRUE
4,1120,White,1;1,4,105324.701822033,TRUE
3.9327949975342547,1570,Asian,4;5;5;3,3,80914.43905753111,FALSE
4,1450,White,5;5;4;5,2,140604.81253519384,TRUE
3.689472660841883,1380,White,2,4,106594.84611228933,FALSE
4,NA,Black,4;5;5;4;5;4,2,103486.1543582987,FALSE
3.1393924722714273,1460,NA,3;5;3;4;5,4,107198.04163923652,TRUE
4,1470,White,5;4;3;5,3,91546.9982458995,TRUE
3.779282385350791,NA,Asian,5;5;2,4,109115.66890963142,FALSE
2.7108374842278793,1210,Hispanic,5;4;1;3,2,74482.86428673877,FALSE
4,1520,NA,5;5;3;5;3;5,2,78071.56803340177,TRUE
3.118668250806149,1370,Asian,5;2;3,3,214573.12295632163,FALSE
3.6039289721161722,1400,Asian,2;3;5;4,2,175461.9566040191,TRUE
4,1350,Black,5;3;3;5;4,1,87056.76721407524,TRUE
2.966333385695145,1320,Black,,2,132480.16928973878,FALSE
3.5797630967033047,1160,Black,3;3;1;4;4;3,3,55445.31699679355,FALSE
3.2247128406534644,1230,Black,3;5;5;4,3,49558.41297865926,FALSE
4,1530,White,4;5;5;5;4;3;5,4,93492.8330308538,TRUE
3.701825287284772,1360,White,5;5;2;3,4,63871.40888284933,TRUE
4,1510,Asian,5;4,2,97820.8810707763,TRUE
3.070401497003893,1190,Asian,5;1;4;2;3;2,3,160035.5636420303,TRUE
3.683688602967739,1140,White,2;1;3;1;2,3,72691.9112728217,FALSE
4,1550,NA,4,1,127648.72941156085,FALSE
3.8429303431427346,1480,Asian,5;4,3,123097.38180770475,FALSE
3.7673588529352195,1380,White,1;5;4;3,2,148679.94420227766,TRUE
4,1480,White,4;5;2;4,3,62689.27913309134,TRUE
3.5403289482828573,1500,White,2;3,2,45802.91186338656,TRUE
4,1360,Black,2;4;4,2,101267.77403225431,FALSE
3.7490422926670632,1420,Asian,5;3;4;3;4,1,87840.73648892435,TRUE
4,1430,Black,4;4;4;4;5;4,2,127616.14538690884,TRUE
4,1400,White,5;4,2,88856.9413323472,TRUE
3.995250169016837,1440,NA,5;4;4,3,120168.7526111726,FALSE
3.799297264593977,1440,NA,5;5;2,4,76649.68772378977,TRUE
3.674074088442439,1470,White,5;5;5;2,4,52471.04453275844,FALSE
2.696786437905496,1240,Black,4;3;3;4;4;3;5,1,130426.46238497764,FALSE
4,1460,Hispanic,5;5;5;5;5;5,2,170504.5740606168,FALSE
3.1323265629836197,1400,Asian,4,2,84329.85175361519,TRUE
3.75734458211633,1380,Asian,4;5;5;5;3,3,111280.42831250766,FALSE
4,NA,White,4;5;2;4;3;4,1,84709.18004978132,FALSE
4,1310,White,5;4,2,91530.59140038629,FALSE
3.749551503364545,1550,Asian,5;4;5,3,86324.9849331645,TRUE
3.2832788297570117,1270,Black,3;3,3,94480.74040221002,FALSE
4,1530,White,5;4;5;4;5;5,2,117688.39205806417,TRUE
3.909512376523972,1450,Asian-White,5;4;4;4,2,150791.2800537029,TRUE
4,1560,White,4;5;3,3,106438.86627821697,FALSE
3.9091089629613456,1540,Asian,5;5;5;2;2;5;5;5;5,1,60187.36643140235,TRUE
3.972983827934143,1380,Asian,3;5;5;5,1,121973.95097160946,FALSE
3.9615245927618723,1420,White,5;5;5;2;2,1,111486.60076026461,TRUE
4,NA,Asian-White,2;5;4,3,159777.37931986217,FALSE
3.039582360328448,NA,Hispanic-White,3;5;1;4;1;2;1;4,2,172345.80969238727,TRUE
3.7569490207154006,1170,Black,4;4;4,1,68422.53016928543,FALSE
3.568166150092052,1380,White,5;5;3,4,57104.226493276314,FALSE
4,1490,Asian,4;4;3;2,3,114813.56859735462,FALSE
4,1470,White,5;5;5;4,4,121492.52847163312,TRUE
4,NA,NA,3;5,3,76663.50389796867,TRUE
3.946590173266371,1400,Asian,2;1;5;4;3;3;5;1,3,81015.61976237429,FALSE
3.7012218336686775,1480,White,5;4;4;5;3,2,66272.21345566677,FALSE
3.6689192264327857,1370,Hispanic,4;3;3;3;5;3,1,102421.986800747,FALSE
3.943707527484307,1450,Asian,5;4;5,2,148526.9496857197,TRUE
3.2550006642418543,1430,Asian,4;5;5,1,92589.32059294404,FALSE
3.274101336773896,1150,White,1;3;3;2;3;1;3;2,1,83062.42473819587,FALSE
4,1480,White,5;3;3;5;5,1,120354.57496986078,FALSE
3.66502117870566,1430,Black-White,2;5;2;4;4;3;5,1,91082.42154907237,TRUE
4,1490,Black-White,3,3,54506.44308915376,TRUE
3.5736962356559756,NA,White,4;5;4;4;2;5;5,3,99108.5171766519,TRUE
3.8105849961046814,1420,Black,4;5;4;4;4;3;2,2,95059.15554657439,TRUE
3.979872325072018,1470,NA,5;4;2;4,4,134290.30825187336,TRUE
3.7910243007422784,1360,Asian,5;4;3,2,88118.03694878638,TRUE
3.853959733802453,1330,White,5;4;4;3;3,5,73581.30056844505,FALSE
4,1460,White,2;4,2,101814.59907806224,FALSE
4,1400,Asian,4;5;4;2;2;4;2,1,167377.88860228332,TRUE
4,1390,Asian-Hispanic,5;4,5,96895.24589016048,TRUE
3.443227746054715,1420,Black,5;2;4;2;5;4;5;4;4,3,140454.828120402,TRUE
3.8856636309959707,1250,Black,3;5;5,4,43820.752533414954,TRUE
2.8329385287494624,1300,White,,3,69605.1034329158,TRUE
4,1460,Black,4;5;3;5;5;4;4,2,75276.46074485124,TRUE
4,1330,White,5;4;4,3,88049.6952581061,TRUE
3.773871713170274,1390,Hispanic,5;5;4;5;5,5,139496.93860049927,FALSE
3.924275233854023,1430,Asian,3;4;1,1,111881.71293650317,FALSE
4,1440,White,3;5;5;5;2,3,127474.58941276022,TRUE
3.8975108144680495,1470,NativeAmerican,3;5;2;2,4,60555.685591466085,TRUE
3.564367873908078,1440,Black,5;5;5,1,100848.24347874342,FALSE
3.7371266927745896,NA,Asian,4;5;5;5;3,1,45501.51219822473,TRUE
4,1350,Asian-Hispanic,5;5;2;5;5;3,3,97827.21144159828,TRUE
4,1350,Asian-Hispanic,5,2,82931.43285311328,FALSE
3.7300417067858174,1360,Black-Hispanic-White,5;4;4;4,4,186686.5195832739,FALSE
3.3302778074359924,1360,NA,5,3,74987.04868733397,FALSE
4,1360,Asian,5;5;4,3,42475.10998277655,TRUE
3.9703430550044474,1490,White,5;4;4;5;4,2,65470.61103537339,TRUE
4,1500,Asian,3;2;5,2,65941.83189125115,FALSE
4,1410,White,3,1,87697.92686283602,TRUE
4,1500,White,2;2;3;5;5;5;4,2,113074.69251675693,TRUE
3.816940430922123,1230,White,3;2;5;1,2,102060.77407779009,TRUE
3.974968726486278,1330,Black,5,2,78612.09803493586,FALSE
4,1460,White,3;5,1,74255.26720989833,TRUE
3.6056381082710733,1460,White,4;3;4;5;4,2,73043.49688243707,FALSE
3.8002152039733965,1360,Black-Hispanic,3;4;5;3;4;4,2,102834.57387701908,TRUE
3.7401786012968152,1430,Hispanic,5;4,2,50447.374593886176,FALSE
3.5436380660808724,1270,Black,4;3;1,3,58871.8812846857,TRUE
3.273571661737506,1450,White,4;5;4;5,1,85638.94113736026,FALSE
3.817339324171787,1420,Asian,5;2;3;4,1,73666.21104979173,FALSE
3.386692255792974,1390,White,4;3;4;3,2,123936.5177840312,TRUE
3.9289350697545506,1540,Asian,5;3;5;5,2,54729.15473174983,TRUE
4,1460,Black,5;4;5;4,3,121934.30191659504,TRUE
4,1430,Black-White,4,1,97159.43009339744,TRUE
4,1480,Asian,5;5;5;4;3,2,72212.72808628833,TRUE
3.3044142358986046,1470,Black,5;3;5;5,3,83841.61597153776,TRUE
4,1490,White,4;5,2,93590.40892506164,TRUE
3.470764755360677,1300,Black,4;4;4;5;4;5,3,154041.9602668875,TRUE
3.9941574316590414,1480,White,5;2;5;5,4,105420.52732870371,TRUE
4,1440,White,3;2;4;3;5,0,40102.79567525731,TRUE
3.002061996218593,1330,White,3;2,3,49225.062952479624,TRUE
4,1440,White,4;4;5;5;5;4;4;5,4,90385.32018830627,TRUE
3.293228736768322,1440,White,3;3;4;4;5;3;3;3;5,2,190721.60842231452,TRUE
4,1390,Asian,5;3;5,0,116788.64041620848,TRUE
3.583359453696909,1490,Asian,2;3;5;4;5,2,153426.65202746922,TRUE
4,1390,Asian,3;5;3;3;4;3;3,2,96532.048288217,TRUE
4,1440,Black,2,1,75813.52051430319,TRUE
4,1340,White,3;3;5;4;5;1,1,161918.36474721605,FALSE
2.712799501748769,1300,Black,4;3;5;5;2;3,1,65391.35601476718,TRUE
2.9024702500403903,1420,White,5;5;5,5,119163.49240816018,FALSE
4,1440,White,3;5;4;2;4,3,164196.149455999,FALSE
3.6221928265652448,1320,Asian,2;2,3,105543.0513940579,FALSE
3.682294994461456,1310,Black,3;2;4;3;4;5,2,82809.99383346291,FALSE
4,1270,Black,4;5;5;5;3,1,163772.73766285332,TRUE
2.4025360064328423,1070,Asian,4;2;4,2,82038.78267861216,FALSE
4,1330,Black,5;4;4;2;5;4,3,83128.7105327464,FALSE
3.598119650968311,1270,Asian,3;3;4;4;1;2,4,153164.4711200239,TRUE
3.647882761100495,1460,Asian,4;2;5;3;5,3,54436.73788916338,FALSE
3.5477729402107485,1410,Asian-White,1;4;5;5,4,122219.53469014222,TRUE
4,1450,White,5;4;5,2,117983.98528715613,TRUE
3.685613690546538,NA,Hispanic,2;5;5;5;5,2,57393.39285351984,FALSE
2.9781999093872553,1340,Asian,4;5;2;5,2,123681.09927089851,FALSE
3.3814293133260227,1370,White,5;4;2;5;3;5;1,2,179185.43290718837,FALSE
3.7082714906688956,1420,NativeAmerican,2;5;3;5;3;3;5;5,2,78657.87032490579,TRUE
3.7807305834709086,1530,Asian,5;5;4;2;3,2,76047.42895433305,FALSE
4,1480,Asian,5;4,2,121560.87406704357,TRUE
4,1470,White,5;4;5;5,3,75322.07668933655,TRUE
4,1570,Asian,5;5;4,3,96376.89262039273,TRUE
4,1400,White,1;2,3,149828.75953652608,FALSE
3.873792790073977,1460,Asian,5;4;5;5,0,157954.78023422792,TRUE
4,1440,Asian,3;2;5;4,2,64635.51723692604,TRUE
3.3748943840056262,1280,White,3;1;2,2,57766.4706486334,TRUE
4,1370,Hispanic,5;5;3;5,0,89665.76761460464,FALSE
4,1460,NativeAmerican,5;3;5;4,3,124950.64156047827,TRUE
4,1460,Asian,2;4;3;3;3;5;5,3,78661.44659044183,TRUE
2.8437481910615636,1490,Hispanic-White,2;4,2,94039.19256218307,FALSE
3.667431133768697,1350,Asian,2;4;5;3;3;1,3,78366.39544544433,TRUE
4,NA,Black,4;4;5;5;4,3,103272.30546984676,FALSE
3.5593747975001424,1470,Asian,5,1,99480.07103791303,FALSE
3.874244544937238,NA,Black,4;5;5;2,2,91764.0180637238,FALSE
4,1510,Asian,2;5;4,2,119408.09621197534,FALSE
3.1839551642082666,1420,White,4;3;5;5;5;2,2,79318.95529801068,FALSE
3.964912699944667,1510,NA,3;4;5;5;4,1,76433.18510322012,FALSE
3.4984454966982312,1430,Black,3;2;3;4;4;3;4,5,68533.50805009266,TRUE
3.442278924305681,1290,Black-Hispanic-White,1;5;4;2;1;1,2,142975.19680562074,TRUE
3.534246159375099,1400,White,4,1,142023.38830407985,FALSE
3.9220757584148775,1550,Asian,3;4;5;5,2,138603.86345852297,FALSE
3.4174905561535143,1320,White,4;2;4;4,1,134634.31025083407,TRUE
4,1480,White,3;3;5,5,116942.87679418238,TRUE
4,1350,Black,5;3;4;5;5,2,85303.74410420722,TRUE
4,1360,White,4;5,2,74584.67714527588,FALSE
3.9082767787321977,1410,NA,4;5;4;5,3,112218.37639071982,TRUE
3.951238492746164,1410,White,5;5;3;4;5,2,78621.47036872146,FALSE
3.7760350722480664,1440,Black,3;5;5;5,4,122133.49298345424,TRUE
4,1310,Black,5;3;5,4,72095.08439032346,FALSE
3.81552760817783,1310,White,3;3,4,71320.96324618666,TRUE
2.584936399239962,1230,Asian,2;1,2,97897.2893791266,FALSE
3.89776481582227,1370,Black,5;3;4;5,2,59464.99047036408,TRUE
4,1480,Asian,5;3;5;4,3,76213.72590720728,TRUE
3.9236279354002814,1320,Black,4;4;2;4,1,69559.04619499862,TRUE
4,1460,Black,5;5,2,154746.716740031,FALSE
3.738531420993789,1510,White,4,2,98076.70759851481,FALSE
4,1340,Asian,1;5;3;4,2,84835.39306407774,FALSE
4,1430,Black,5;2;3;4,2,89411.77366767939,TRUE
3.9298230226731814,1460,White,5;5;3;2;3;2,1,147648.32185526332,TRUE
3.3075143815492956,1460,White,5;4;5;5;3,3,56293.179669195706,FALSE
3.6860821906080625,1320,White,5;2;1,1,101669.02245248396,TRUE
3.664387914163809,1420,White,5;4;4;3;4;4;4,3,123763.23220035309,TRUE
3.3686151610655215,1320,White,3;5;4;1;3;4,3,95918.11356125353,FALSE
4,1310,White,4;2;4;3;5;4,2,146923.72223560733,TRUE
4,1380,Black,,2,97296.88748270475,TRUE
3.5726825568465395,1500,White,5;4;5;3;3,2,116223.96625865501,TRUE
3.948683704954731,1420,Asian,5;5;4;4;2,5,102477.1923517701,TRUE
3.6758999933900434,1370,Hispanic,3,4,101559.09358034142,FALSE
3.204365684764966,1550,Asian,5;5;5;4;4;4;4;5,4,94236.68432388963,TRUE
3.742841527190401,1300,White,4;1;5;2;5;3;3,3,113543.18929039575,TRUE
3.7486113640336076,1290,NA,4;3;4,1,79420.05151967601,FALSE
3.7719940125535456,1540,White,5;4;4;4;5;5;5,3,112480.35913545155,TRUE
3.778856169988354,NA,Asian,2;4;5;5;5,2,95949.69205991834,FALSE
3.6870790440326564,1400,Asian,3;3;4,2,141290.1361631393,TRUE
4,1560,White,4;5,2,94736.55029609588,TRUE
3.917039292003032,1440,Black,5;3;3;4;2;4;3,5,68535.91371759365,TRUE
3.704197078665798,NA,Asian,3;5;5,5,53006.17217518941,FALSE
4,1530,Asian,5;5;5;4;5,1,96239.64284435137,TRUE
4,1450,Asian,3,1,119711.39287606275,TRUE
3.307596594402998,1180,Hispanic,5;4;1,4,129637.63741955768,FALSE
3.8625824891746356,1470,White,5;5,3,78474.08894363651,TRUE
3.454379206031136,1240,Hispanic,4;3;2;4;1,4,108999.46063805924,FALSE
3.7687026363096887,1530,White,5;4;4;5,4,94597.70697266195,FALSE
4,1290,Black-White,2;3;5;4;1,4,179933.61075692406,TRUE
3.279364003593494,1490,White,4;5;5,2,129763.5133225313,TRUE
3.162424507948445,1380,Black,5;3;5;5;3;3;4;5;4;5,2,81019.33258096034,TRUE
2.772062416603511,1500,White,4;4;5;4;4,2,172082.7565275632,TRUE
3.9189231973811762,1380,Hispanic,2;2;5,3,100993.96029971578,FALSE
4,1420,Asian,4;5;5;3;4;4;2;5,3,154466.4603111903,TRUE
4,1460,White,5;5,3,98037.36217588744,FALSE
4,1450,White,4,2,68683.98706877689,FALSE
3.6809618216654423,1330,Black,5;4,3,80977.60459693527,FALSE
4,1380,Asian,4;3,3,98360.64694567566,FALSE
3.8065800857831262,1380,Asian,5;5;1;2,2,90192.36075031458,FALSE
3.7201644221162264,1460,White,4;5,2,66325.3142320962,FALSE
